initial_state_id,path
0,-f1.d2.f2.-f0.d2.f0.-f2.-d2.f1.-d2.-f0.f2.d2.f0.-f2.d2
1,d1.-r1.-d1.-r2.d1.r1.-d1.r2
2,-f2.-d2.f2.-f0.d2.d2.-f2.f0.-d2.f2.-f0.d2.d2.f0
3,d0
4,-r2.d0
5,r2.-f1.-r2
6,f1.-d2.-d0.-r2
7,f2.-d1.f2.-f0.-r2
8,f0.-r0.d1.-r2.d1.f0
9,-r0.d2.f2.-r1.-r2.r0.-d1
10,r1.-f1.-r1.f1.-f2.-d1
11,f2.-f1.-d2.f0.r0.-r1.-r1.f2.-d0
12,-f0.-r1.d0.f1.d0.-f2.-d0.f2.-d2.-r2
13,-r0.f2.-d1.f2.d0.-d1.-d1.-f1.r0.r1.-f1
14,-f2.-r1.r2.r2.f2.-d0.f1.-f0
15,r0.-d1.f1.f1.-r0.-r0.-d1.f2.r2.-d1.-f0.-f1.r2
16,d1.r2.-d1.f1.-f0.-r2.f0.r1.-f0.-r0.-f2.d1.f2.-d0
17,d2.r0.-d2.d1.f0.-d0.-r1.-r0.d0.r0.-d1.f0.d0.-f2.-f0
18,d0.d0.f1.f0.r2.f0.d1.d0.-f0.-r1
19,-f0.-f0.d0.-r2.-f2.-d1.-f1.f2.-f1.d1.r2.-d0.-d1.f2.f0
20,r0.r1.-d0.d2.r0.-d2.f0.d1.r2.d0.f1.-d0.d1.-d0
21,-r1.r0.d1.f0.f0.d0.-d2.-r0.-r0.f1.f0.d1.f1.d0.r0.r2.f2
22,d0.d1.-r1.d0.-f1.-d2.-r2.-d2.r0.d0.-f1.f0.r0.-f2
23,f1.d1.-f0.-d2.f1.r1.-r2.-f1.-d1.d0.r0.-f1.r1.-r0.-r0
24,f0.-d1.-r0.-f2.-r1.-r1.f2.r2.-d1.d2.f2.d0.f0.d1.-r0.-r0.-d2.-d0
25,d2.f2.r2.r2.-f1.-r2.-d2.f0.-r0.f2.-d0.d1.-d0.-f0.d1
26,f1.d0.-d2.-r0.r2.-f1.f2.-r1.-d2.-f0.-d1.d2.-r2.d2.-f0.d2.-f2.-d2.f2.f0.-r2.-r0
27,-r0.d0.f0.f0.r2.-f0.-r1.f1.-d0.f0.-d0.r1.r1.f1.-r0.d1.r0.-d1.r0.r0.-f1.-r1.-d0
28,r1.d2.-f0.-d2.d0.-f0.-d1.-r0.-f0.-r0.f1.r2.f2.-f0.-d1.r0.-r2.-d0.d2.f2.-f0.r0
29,-r0.-d0.-f0.-r1.d2.-r2.-d2.-r0.-d2.-r0.-d1.-d1.-r2.f2.-d0.r0.-r1.-f1.d1.f1.d0
30,-f0.-f0.-r2.-f2.d0.f2.d0.-r1.d2.-r2.-r1.f2.-d1.d0.r2.-d2.-f1.d0.-f2.d2.f2.-d0
31,-d0.-f2.d2.d2.f2.-r0.-d0.-d0.-f0.-r2.-d1.r0.f0.-r2.-f0.r1.-f2.-r1.d2.f1.-r0.-d0.f0
32,r1.f1.r0.f2.r1.-d0.r1.d2.-f0.d1.r2.f1.r2.f1.d2.f0.f0.d1.-f0.-d2.-f0.-d1
33,-d0.f2.-r0.-d2.-f0.-r2.-d0.-r2.-d1.-r0.-d0.r2.-f1.-r1.-f0.d1.-f1.d1.-r2.-r1.-d1.r2.f2
34,-d0.f1.d0.-f2.f1.d0.f0.-r0.d2.-f1.d2.d2.f0.d0.-f2.-d0.f0.d0.r1.-r2.-d0.-d0
35,-d0.-r2.-f2.d2.-d1.-f2.-f0.r2.d1.r2.d2.-r2.d1.-f0.r1.-f2.d1.f2.r1.-f1.r1.f1.r2
36,f0.-d2.d1.f2.d1.-f1.d0.r0.-f0.d2.f2.f2.d2.f0.d1.r0.-d1.f0.-r0.f1.r2.-f0
37,f1.f1.d2.-r2.-f0.f1.d0.r2.-d0.-f1.r0.-f0.f1.d0.f1.-r0.-f1.d1.-r2.d2.-r0.f0.r0
38,-r2.-f2.d2.f1.-d2.f0.-r1.-d0.r1.-f2.-r0.d0.d1.f0.r2.r2.-d0.f2.-r1.d2.-r0.-f1
39,d1.-r1.-f0.r1.-r2.f0.r2.f2.-r0.-d0.f1.-d1.-f0.d0.-f2.d1.f1.r2.d1.d1.f0
40,-r2.f0.d0.d0.r1.-d1.f0.r2.r1.-f1.r1.-d1.-f1.-r0.-f0.d2.-r0.-d0.r2.f1.d2.d2
41,f1.r1.-f2.-d0.-d2.-f1.r2.-f1.-r0.-d0.d2.r2.f0.r2.f0.f0.-r2.f2.-r1.d0.r1.-f2.-d1
42,f0.-r0.-d0.-r0.d0.-f0.d0.-f0.-r0.-d1.-f2.-d1.-f1.r1.-d0.f0.r0.-d1.r2.r1.-f1.-r2
43,-d0.r2.-f1.-r1.-d2.-r1.d2.-r2.f0.d2.-r2.f1.-r2.-r2.d2.r0.d2.-r2.f0.d2.-f0.r0.r2
44,d2.f1.-d2.-r0.f0.-d2.f2.d0.f1.-r2.-r2.-f0.r2.-d1.-r2.-d1.f1.d0.-r2.-d0.d1.d1
45,-d1.f2.-r2.f0.-d2.-r0.-d2.r1.-d1.-r0.-d2.r0.-r2.-f2.r1.-f2.-r1.f2.-d0.f2.r2.d2.f0
46,f2.-f0.r2.-f0.-d2.d1.-r1.-r1.-d2.f1.-d0.-r0.-f2.-d1.-r0.d1.r0.r0.-f1.-d1.-f1.f0
47,d0.r1.-r2.d0.-f2.-r1.d1.r0.r0.f0.d0.-f1.r1.f0.r2.d1.-r2.d0.-r1.d1.r1.-f1.-f0
48,f2.-r0.-f2.d0.d0.f0.-r1.-d1.f2.-d2.f2.d2.f2.f2.-d2.-f2.-f1.r2.f1.-d0.-r0.d0.-f1.r2
49,f1.r2.-f1.d0.-d1.-r1.-f0.-r2.-r2.f2.-d1.r2.d0.-r2.-f1.-d2.r1.f1.r2.-d1.f2.d0.d0
50,-f0.-f0.-d2.d1.-r0.-f1.d1.-r0.-d1.-f2.d0.-f1.-d1.-f1.-d2.r0.-d1.r1.-d2.-f0.-r0.f1
51,-r1.f1.r0.f0.-r0.d0.d1.-f2.r0.d2.f2.r2.d1.-r2.-f1.f2.-r2.f1.d2.r2.-d2.-d2.r2
52,f0.d2.-d1.r0.d0.f2.f2.-d2.f1.-r0.-d0.f1.-d1.-f0.-d2.-d0.r1.-f0.f2.-r1.-f2.d2
53,-f1.r1.-f0.f2.d0.-r2.f1.-r2.-f2.r2.-d0.-f2.r0.f1.r2.-f1.-f2.d2.-f1.-d2.d1.r1.-d1
54,d1.r1.f2.d0.-d1.f2.r2.f0.d2.-r0.-r0.-d1.-r2.-f2.r2.-f0.-f0.-r0.r2.f1.-r1.r0
55,-r0.-f2.-r0.d0.d0.r0.d1.f2.r1.-d2.r1.d1.f1.-r0.r1.-f0.-r2.f0.r0.-r1.d2
56,-r0.f1.-d0.f0.-r0.f1.-d0.-d0.-f0.-d1.f2.d2.-r1.d2.r1.r0.-f0.-d2.f0.f1.f0.-r2.-d1.f0
57,d2.-r2.f2.d0.f0.r1.-f0.-d2.-r2.d0.r1.-d0.f2.-r2.f2.-r2.d0.-f2.-d0.r2.d0.f2.d0
58,-f2.r2.-f0.d1.-f0.f1.-d0.-r1.-f2.r0.f2.-d2.-f0.f1.d0.f1.-d0.r0.f2.-f1.d1.-f2
59,d2.r1.-f1.-r0.d2.r1.-d1.-r0.-f0.r2.d0.-r0.-d1.d2.f0.r0.-f0.-d2.-r0.f0.r0.-f0.d2
60,r1.d2.-d1.-r1.-r1.-f1.-r2.f2.-r2.-f2.r0.f0.r1.-f2.f1.d1.-f1.r2.d0.f1.-d1.f2
61,-f0.-d0.f1.r1.-d0.-f0.r0.f0.-r1.f0.-d2.-f1.d0.-r1.-d1.f0.r1.-d1.-r1.-f2.f1.r1.f1
62,-r0.-d2.-f0.f1.-d0.r1.-d2.-r0.d0.-f2.d2.r1.-d2.r0.-r2.-d0.f0.-d1.r0.d2.f0.f1
63,d1.r2.-d0.r0.-f1.-r2.-d0.d1.-r1.-f1.r0.d2.f2.r1.-f0.-r2.-f0.-d1.-r0.-r1.-f1.d1.r1
64,r0.-f2.-d1.r2.-f2.d1.-f1.-d0.f0.r0.d2.-f0.f1.d2.-r2.d1.-f2.r2.r0.-f1.r0.-f2
65,r0.d2.-f0.r1.d0.r0.-r2.-d2.-f2.r1.-f1.-d2.f1.d0.f0.-f2.d1.-f1.-f1.r0.f1.-r0.-d0
66,r0.d0.r2.d2.-r0.d2.-f1.r0.d2.-r0.r2.-f0.d1.-f0.d1.f0.-r1.-f2.-r1.f2.-r0.-d0.r0.f0
67,r1.-d1.r1.-d0.-f2.d2.-f0.-d0.r2.d1.-r0.-f0.f2.-r0.-d0.r0.-d1.-f2.r2.f2.r2.d1.-f2
68,f2.d0.-r0.-d1.-f1.d2.f1.f2.d1.r2.d0.-r0.-f0.d1.-r1.f0.-d2.r1.d2.-f0.-r2.-f0.-r0.f0
69,-r1.-d0.-f2.d2.f2.-r1.-d2.f1.-f2.-r2.d2.-r0.-d0.-f2.-d0.-f1.-d1.f2.r0.r1.-d2.f2.f0
70,d0.-f1.f0.r0.-d0.-r1.-f2.-d1.f2.d2.f0.d1.-f2.-d0.-f0.f2.r2.r2.-f2.-r2.f0.-d0.f0.-d0
71,-r1.-d2.-r0.f2.-d0.-f0.r0.f2.-f1.r0.-r1.d2.d2.-f2.d1.-r0.-r1.f0.-d0.-f1.-d0.-f1.d0
72,f0.d0.f1.r1.f0.r0.-d0.r1.-f1.r0.-f2.r2.-f0.-d2.-r0.-d0.-r2.d1.r2.d0.d0.-r0
73,f0.r2.-d0.-f0.r1.-f0.-f0.r2.d0.-f1.r0.-d0.r2.-d1.-f2.r0.f2.d0.-r1.d2.-r1.-d1.-f0
74,-f1.r1.r1.-d2.-f0.d0.r2.-d0.r2.d0.-r0.-f1.-d2.r1.-d1.f2.f2.-d0.-f2.-f0.d2.-r0
75,f1.r2.-d2.r0.-d0.-f0.r2.f0.-d0.f0.-d0.-f1.r2.-f1.d0.r2.r2.f2.-d0.-d0.r2
76,-d2.f2.-r0.-d0.r2.d1.-f2.-d2.r0.d0.f2.r1.d2.r2.d1.-d0.-f2.r0.f2.-d1.f2.-r0
77,f1.-d2.-f0.r0.d1.-f1.-d0.-r2.f2.d2.-r1.-f0.d2.r0.-d1.r0.f1.-r0.-f1.-d0.-f2.r0.d2
78,-f1.-d2.r2.-f0.r1.-f0.d0.-f0.-r2.d1.-r0.-d0.r0.f2.-r2.-f2.-r1.-f1.r0.d0.r2.-f1.-r2.-d0
79,f0.-d0.r2.f1.-d0.r0.d0.r1.-f0.-r0.-r0.d1.-r2.f1.r0.-d2.f0.-d2.-r0.-f1.r0.-d2.-d1
80,-d2.r0.d2.f1.r1.-f1.r2.r2.f0.-r0.-d1.d2.r0.-f2.-r2.f2.d2.d2.-d1.-f2.-d0.f2
81,d0.-r2.d2.f0.d2.-f2.r0.-d1.f1.-r1.-r1.d2.-r0.r2.-d0.-f0.-d2.-f1.-d1.-r1.f2.f0.f0
82,d2.f0.-r0.-f2.-r1.-d0.f1.-d1.f0.r2.-d1.-f1.-d0.-r0.d2.d2.f2.r2.-d1.-d1.-r0.-d1
83,-f1.r2.-f2.r0.d2.-f1.-d0.f0.-d2.d0.f1.d1.-r1.-d1.f1.r2.-d0.-d1.-r2.f2.r0.r1.-d1
84,f2.d1.-f2.d0.f0.-r2.-f2.-f2.r0.-f0.d1.r0.r2.f1.-f0.f1.r0.-d0.-f0.-d0.-f0.r1
85,-r0.-f2.-r0.d2.-f1.-r0.d2.r0.d1.r1.f1.r0.d0.-r2.-d2.-f0.d2.-f2.d1.r1.d0.-r1.-f2
86,-f1.d2.r1.-r0.-d0.d1.f0.-f1.d2.f2.-d0.d1.f0.r0.-d1.f2.-d0.f2.-r0.-f2.-r1.-d1
87,f1.-r2.f0.-d0.r0.d2.r1.d1.-r2.-r2.-f2.d0.r1.-d0.-f2.d1.-r1.-r1.d0.f1.r1.r2.f1
88,f2.-d0.-r1.d2.r0.-f2.d2.-f1.r0.-f2.d2.-d0.-r1.-d0.r1.-d1.f2.-d0.-r0.-d0.f1.-d0
89,r0.-r1.d2.-r0.-f2.-d0.-f2.f0.d1.-f1.-r2.-d2.-r0.-f1.d2.d0.-d1.f0.d1.-r0.d2.-r0.-d0
90,-f2.d0.f0.-r0.-d2.-f2.r2.f1.-d1.r2.f1.f0.r0.f0.r0.-f1.-r0.-f2.r2.d1.-r2.-r1.-d2.f2
91,f2.r1.d0.-r0.d0.-d2.f2.-d0.-r2.f2.-d1.-f2.-d1.f1.-d0.d1.-f2.-r0.f2.r1.f1.-f2.f0
92,-d1.f0.f0.d1.-r1.-d0.-r2.f1.-r2.d0.-f2.r1.r0.-f0.r1.r1.-f0.d2.f0.f0.-d2.-f0.d1.-f0
93,d1.-r1.d1.f0.r2.-f2.-r0.f2.-f1.-d0.f2.d2.-f1.d1.-f2.r0.d0.-d2.f0.d0.-r1.-d0.f2
94,-r1.d2.-d0.f2.-f1.r0.d1.-d0.f1.d1.f1.-d2.-r2.r0.r1.d2.f2.r0.d1.-f1.-f0.-d1
95,-d2.f2.-f1.-d2.-r0.r1.-d2.r2.-f2.-f2.r0.d1.-f2.-r0.-f1.r0.d1.-f2.-d0.-d0.f2.-d1.d2
96,-d2.d1.-r1.-d2.-r0.-r0.d2.-f2.-r2.-f1.f0.d0.d2.d0.r0.-d2.f2.d1.f1.d0.-f0.-d0.f1.f0
97,-r1.f0.-f1.d2.-f2.-d0.r1.-f1.-d1.f0.r0.-f1.r1.-r2.-d1.-f1.f2.-r1.-d2.r0.r1
98,d2.r0.-d0.-f2.r1.-d0.r2.-f2.-r2.f1.r0.-d0.r0.-f2.-r0.-d0.f2.-f1.-d0.-f1.f0.-r1.f1.-f0
99,-d2.r1.d0.-d2.-f0.d0.r0.-d2.r2.-d0.-r0.d2.-r0.-f1.-d2.-f1.-d2.-f1.-d0.-d1.d2.-r0.-d0
100,-r2.d0.-f0.-r0.d0.f1.r2.-r0.-f2.f1.f1.-d2.f0.d1.-f2.-r1.d0.-d1.r0.r0.-d0.-r1
101,-r2.-d0.-f0.-r2.d2.-f0.d2.-d1.f2.-r1.d0.f2.d2.r0.-d0.r1.d0.-f0.-r0.-d0.-r2
102,-f1.-f1.r1.f2.r0.f2.d2.r1.-d1.-r0.d1.-r0.d0.-f2.d0.-r0.-r0.-f2.-d2.f2.d2.d2
103,d1.r1.d0.-r0.-d2.r1.-f2.-d2.r0.r0.-f1.r1.-f1.f2.d2.-r0.-f0.-d2.-r1.f0.r1
104,d0.r1.f2.d2.-r2.d0.-f0.f2.r0.-d1.-r1.-f1.-d0.f0.-r2.d0.d1.-f1.-d0.-f1.-d2.f0
105,r2.-f0.d0.-f1.-d2.r2.d2.f0.f0.r2.r1.r2.-d0.-f1.-d0.-r2.f0.-d1.r0.-d0.-f1.d0.f0
106,-r0.d0.r2.d2.f0.-r2.f0.-f1.-r0.-r0.-f1.-d1.-f2.-r1.f2.-d0.-f2.-r2.r0.-f2.f0.d1.f2.d0
107,f1.-r2.r1.-d2.f1.-d2.-f1.-r2.-f2.r0.-d2.f2.-d1.-f1.-r2.d1.-r0.-f2.-d0.-r2.d0.-f2.r0
108,r1.-f2.d0.-f0.d0.-f2.-r0.d2.-f0.r0.-f2.r1.-f1.-r0.-d1.r0.r0.f2.d2.f0.-r0.-f0.-d2.d1
109,d0.f2.r2.d1.-r1.-d0.r2.-r0.-d2.f2.d0.-r2.d2.-f2.f0.-r2.r0.-d2.r0.r2.f2.d2.-f2
110,-r1.-f2.r2.-d1.r1.-f0.-r0.d2.-r2.-r2.-f0.d2.f1.r0.-f2.d0.f1.-f2.-d0.f2.-r2.d0
111,f2.d2.-f0.f1.d0.f2.f2.-d2.f1.-d2.r1.d2.r2.f0.r1.d2.-r1.f0.d0.d2.-d1.f0.-f1
112,-d0.r2.f2.r0.-d0.f2.-d0.r2.-d1.f1.r2.f0.-d0.d1.r0.d1.-r1.-r1.-f1.-r0.d1.r1
113,d1.-r2.-f2.r2.d1.-f2.r2.-d2.f1.-r2.-f0.-d1.r0.r0.-d2.f0.-d0.r0.-f2.-r0.-f2.d0.-r2
114,f0.-r0.-d0.-f2.r1.f0.-d0.-r0.-r0.f0.f0.-d0.-r1.-f2.-d1.f2.-d0.f0.d1.-f1.d2.-f2
115,-d2.r2.-r0.f0.-d0.-f1.d1.-f0.d1.r1.-f0.-f0.d2.-r2.d2.r2.-f0.f1.-r0.-f1.-r0.f2.-d2
116,f0.-d2.f1.r0.f1.r2.-d2.-r0.-f0.-d2.f0.-d2.-f1.-d0.r0.f1.-f2.d2.-f1.r1.d1.d2
117,r1.-f1.d2.r2.-d2.d0.-r2.d2.-r0.d1.-f0.d2.r0.f1.-r1.-f1.r2.-r0.-f1.d0.r1.f0.f2
118,r1.d2.-r0.-d0.-d1.-d0.f0.-d1.-f0.-r2.-d1.r2.-f2.-d2.-r1.-d2.r0.-d2.-f2.-d2.-f2.-f2
119,f1.-r0.-d2.f2.-r0.-d0.-f0.r0.f0.r1.-f2.-d0.f0.-r2.-f1.r2.f1.-r1.-d2.r1.-f2.-r1.-f2
120,r1.d2.-r1.f2.-r0.-d0.r2.f0.-r2.r0.f0.-d0.-r2.-d2.-f1.-d2.-d0.f2.-d1.-f2.-r2.-d0
121,d1.r1.d2.-f0.-d2.-r0.d2.-f1.d0.r2.-d2.d1.r2.d1.-f1.-f0.-r0.f0.-d2.-f0.-d1.-f2.d0
122,d2.-r1.-d0.f1.-f0.d0.-f0.-d2.f2.d1.-f1.f2.-r1.d2.f1.-f2.r1.f2.d2.r1.-d2.r0
123,d1.f1.-d0.f0.r0.d0.-f1.-d1.-f0.-d1.r0.d2.r2.-f0.-d0.d1.r2.-d2.-r2.-d1.r1
124,-f2.-d0.f0.d2.r2.f0.d1.r2.-r1.d0.d0.-f0.-r1.f0.f0.d0.-r2.-d0.r2.-r1.-d2.r1.d2.-f0
125,-r2.d1.-f2.-r2.-d1.-f0.r1.r2.f2.-d2.r2.-d2.f2.d0.f2.r2.f2.d2.r0.d2.-r2.f1.-r0
126,d2.-f0.d1.r0.f2.-r0.d2.r1.-f1.d2.-r0.f1.f1.r1.-f1.r0.f0.-d1.-d1.-r0.f0.d2
127,f1.d2.-r1.d1.-f1.d0.f0.d1.r2.-d0.r1.d1.-f1.d2.r2.-f0.-d2.f0.f0.r2.r2.-f2.r2
128,f0.-d1.-f2.d1.-r2.d0.f1.-d2.-f0.-r1.-d0.-r0.f2.-d0.-r2.d0.-f0.r2.f2.-r2.f2.-r0
129,-f1.-d2.-r0.d0.f2.d2.-f2.r2.f0.-r0.d2.r2.-f0.r2.f1.d1.-r0.-f1.d1.f1.r0.-f1.-r0
130,-r0.-f2.-d2.r1.-d2.-f2.-f2.r2.d1.-d2.-r1.-d2.r2.r2.-f0.r2.-d2.d0.r2.-d0.f0.d2
131,-r0.d0.-f2.d2.f1.-d0.-f2.r0.-r1.f1.d2.f2.-d0.-r2.d0.-r2.d2.d1.f1.r1.-f2.-f1.-d1
132,f0.-d2.f2.-r2.-f2.-r2.f1.-r2.d1.-d0.f1.d2.f2.-r0.-f2.-d1.r1.-d1.-f0.-d1.f2.d0
133,-d1.-f2.d0.f2.-f0.-r2.-d0.r2.d1.r1.d1.r0.-r2.f0.d1.-f0.r1.-d0.f2.r2.d2
134,d2.-f2.d1.-r1.-f0.d0.-f0.-d2.-r0.-d0.-f1.-f2.d0.r2.-f0.-r2.d0.-f1.-d1.-f2.-d2.-r2
135,d2.-f2.f1.-d2.-r1.d0.-r0.-f0.-d2.r1.-d1.f1.r2.-d1.-r2.d0.f2.-d2.-f0.-d2.-r2
136,-f1.d0.-f0.f1.r0.f0.r1.d1.f2.d1.-f1.r0.d2.-f0.d0.-f1.d2.r1.f2.-r0
137,-f2.-r0.-f1.d2.r0.r0.-d2.-f1.-d0.-r2.r1.f2.-r2.d0.-r2.f0.-r1.-r0.-d0.-f0.r2.d0.d0
138,f1.-r2.d2.-d1.-f0.-d2.-r2.-f2.-r0.-f1.d2.f0.-f1.d1.f0.d2.d0.-r1.f2.r2.-f1.f2
139,-f2.d2.f2.-r2.d2.f2.r1.-f0.-d0.d1.f2.f0.r1.-d0.-f0.-r1.d2.d2.r1.r1.-f0.d1.f0
140,-f2.r2.f0.r1.d1.r2.d1.-f0.-r2.f1.r0.-f2.r1.d1.-r1.r2.-d2.-r2.f2.d2.-r2.d1
141,-r2.-f2.-d0.-r0.f0.f0.r2.r1.-d2.f2.-r1.-f0.-r2.d0.-r1.d2.r2.f1.r1.f0.f2.d1.-d0
142,d2.r0.r0.-d2.-r1.f0.-d2.-r0.f1.d1.d1.r1.f0.r0.-d1.-d1.-f1.-r1.f1.-r0.d1.d2.f0.-d0
143,r0.d2.r1.-r0.f1.d0.r0.-f2.d1.f0.-f1.d1.r0.d2.-r0.-d2.r0.r0.-d0.r0.-d1.f1.d1
144,f0.-d2.-r0.d2.-r2.d0.f0.d2.-r0.-d0.r0.-r2.-d2.d0.d1.-r1.d2.f2.-r0.-d1.r2.d1
145,-f1.r1.-d2.-f2.-d0.-r0.f0.d2.-f1.-f1.-d2.-d0.r0.-d2.r1.f0.-f1.-r1.-r0.d0.-r2
146,-d0.-r2.d0.f1.d1.f2.-r0.-r0.d2.-r0.d1.r0.d1.-r0.-f1.d1.-r0.-d1.f0.-r1.r2.f0
147,d0.r0.-r2.-d1.-r1.-f1.d0.-r2.-r2.-d1.-r0.r1.-d2.-r1.d0.d1.-f2.r0.-f2.-d2.f2.-d1.-f0
148,r1.-f0.-r2.-f0.r0.-f2.d2.r2.d2.-f0.-f0.r2.d0.-r2.d0.r2.-d0.f2.-r0.-r1.-d0.-f0
149,d0.f2.-d2.-r0.-d2.-f2.r1.-d2.-d2.-f0.d2.f1.-f2.-d2.f2.d2.-f0.r2.f0.r2.r2.-d0.d2
150,f1.r1.-f2.d2.-r1.f2.d1.r0.f0.d1.-r0.f0.-r0.-f0.-d1.r2.d0.r2.d2.r0.-d2.f2.f2.r2
151,r1.d2.f2.-d1.-r0.d0.d0.f0.-d0.-r2.f1.f1.-r2.-f1.r2.-d2.-r0.-d2.r0.f2.-d2.-r0.d2
152,-f2.d1.-f2.d2.f2.d1.-r0.d2.-r1.f0.d1.-r1.-d2.-f0.f1.-r1.r0.f0.-r2.-d1.-r2.d1
153,f0.-r1.-f0.-d2.r1.d0.-f0.r1.f2.r1.f1.-r0.d2.f1.-r0.-f1.-d2.-f1.d0.-r2.f0.r2.-f2
154,f1.-d1.-f2.r0.-d0.r0.f0.r2.d2.-f2.-d1.-r2.f0.r1.-f0.-d2.r0.f0.r0.-f1.-f1.-r2
155,f2.r0.d1.-r1.-f2.r2.f2.-d1.r0.-d1.r1.-f0.d1.-f2.d1.f2.d2.d2.r2.-f2.-r2.-f2.d2
156,r0.f1.d1.-f0.r0.d2.-f0.-r1.d0.-f2.-d2.d1.r2.f0.-r0.-r0.d0.r1.-d0.r1.-f2.d0
157,d0.r1.f2.-r2.f2.f0.d2.d2.r2.f2.-d0.-r2.f1.f0.r1.-d2.-d2.-f2.d2.f2.-d0.d2.-d1
158,f0.r0.f1.-f2.-r2.r0.-f1.-r0.d0.-r2.r0.f0.d0.-f2.-r1.f2.-r0.-d0.-r1.-f1.-r0.d0
159,-d1.f1.-r0.f2.d2.-f0.-r0.-f0.d2.-r2.r0.d2.-d0.-r1.d2.-r1.d0.-r1.f2.-r0.d1
160,-f2.-d0.f1.-d0.r1.-r0.d0.-f2.f0.d1.-d2.-f0.r2.d0.-r0.r2.f2.r2.-r1.d0.r2.-d0.-r0.d0
161,-f1.-r1.f2.-d0.-f0.d2.f1.-d2.r2.-d2.r1.f0.-r1.-f0.f2.d0.r0.d2.d1.-r0.-r0.-f0.f1
162,d0.-f2.-f2.r1.d1.-d0.r2.-d2.r2.f1.-d0.-r1.r2.d0.-r1.f0.d2.-f0.-r2.-r2.-f0.-r2
163,-d1.d2.f2.-f0.-d1.r2.d2.r1.f0.-r1.d1.r2.-d0.-f0.d0.f2.r2.-f2.-r2.-f2.-d1.-d1.r2
164,f1.d0.f2.d1.-f0.d2.f0.r2.f0.d2.-r2.d1.-r0.-d0.d1.-d2.r1.d1.r2.-f0.-d0.-r0
165,-f0.-f0.-r2.r0.-f0.f2.d0.f0.r2.d1.f2.d0.-f2.d1.-r1.d1.-r1.-f1.r1.-f2.-r0.f0.f1
166,-r0.f2.-f1.-r1.d2.-f2.-d1.r2.-f2.r2.f2.f2.d1.-f2.f1.-d0.r2.d0.r1.-d0.-f0.d0.r0.-f2
167,r0.-d2.-d2.-f1.d1.r1.f0.d0.-f1.-r2.-f0.d0.r2.-d1.-r0.-f2.-d2.-r1.d0.f1.f0.-r0.d0
168,f1.r1.d0.f2.d2.-d1.-f1.r0.-r2.d1.-f0.-f0.d1.r1.-f1.-d2.f0.-f1.d0.f2
169,r1.-d1.f1.d0.-r0.f0.d2.-f1.-d0.f0.d0.r1.f1.-r0.f1.d1.r2.-d1.r2.f0.r2.f0.d0
170,r1.-d1.d0.r0.-f2.-f2.-r2.f2.f2.f0.-d1.d2.-r0.-d2.f1.d2.-f0.-d0.-f0.d0.r2.f1
171,d2.r1.d2.f1.-d0.f0.r2.d0.r0.r0.f2.-r0.-f0.r0.-d2.-r1.-d1.-r0.d1.-d0.-r0.r1.r1
172,r2.-d0.-f2.d2.-r1.-d0.-f1.-d2.-f2.d2.-f2.-f0.-d1.-r0.f1.d1.-d0.-f0.r2.-f2.-r2.-f1.r0.-d1
173,-r1.r0.f0.r2.-d2.-f1.d2.-r2.-d0.f2.-r1.f1.r2.-d0.-f1.f0.r2.-f0.d0.f0.-r2.-d0.f1
174,d0.-f0.-r1.d0.-d2.r1.-d1.f0.-r0.d2.r0.d1.-f2.-r0.d0.-f2.-d0.f2.d2.r1.-f2.f1.-f0.-d1
175,f2.r1.r1.d1.r2.f0.r0.r0.-d0.r1.f0.-r0.-d0.f1.-d1.f0.-r2.-f2.r2.-f2.-f1.-d1.d2
176,r0.d0.r2.f0.-r2.-f2.-d1.-f2.r2.r1.-d2.r2.f1.f1.d1.-r1.d0.r1.-f0.-d2.d1.f1
177,-r1.-d0.f1.-r2.r0.-f0.-d2.-r1.f2.-r0.-d2.-f1.-d0.-f1.-d1.f1.-f0.d0.f2.f2.d2.-f2.d1
178,-r2.-f2.f0.-r2.d1.-f2.-d2.-r0.-r1.d0.d0.d2.-f1.d0.r1.d1.r0.f0.-d2.f1.-r0.f1
179,d2.-f0.-r1.d1.-d0.-f2.-r0.-d0.r2.-f0.r2.-f2.-d2.f0.r1.-d0.-f2.r1.d1.-f2.-d1.-r1.f2
180,d0.d0.f0.-d0.-d0.r2.f0.f0.-d0.-f2.-r1.-f0.-r1.-f0.-d0.-r0.f0.f0.-r1.-f0.d1.r0
181,d2.-r1.f1.d2.-r2.d1.-d0.-r2.d2.-f2.-r1.d2.r0.f1.f1.-d1.f2.d1.-f1.-d1.-r1.f2.f2
182,f1.-d2.r0.d2.r0.f1.r1.f2.r0.-d0.-r1.-f0.-r0.-f1.-d0.r2.-f2.d2.-r1.r0.-f2.r1
183,f1.r0.d0.-r0.d2.f0.-r2.-f2.d1.-f2.r2.d1.-f1.r2.-d2.r0.d2.f1.-r2.-d2.-r0.-d1.-d1
184,-f0.-d1.r0.d1.f2.-d0.-f0.d1.f2.r2.d2.-d1.-d0.-f1.-r0.d0.-f0.-f1.r2.d0.-f2.d0.-f1.-d0
185,f1.-d0.r0.-d2.r2.-f1.d1.-f2.r0.-d2.-r0.-f0.-d2.-f1.f0.d2.-r1.-f1.-d2.-f1.r1.r1.d0
186,r0.d2.-d1.f1.d0.-r2.-r2.-f0.f2.d2.f2.d2.-r0.d1.f0.d1.r2.-r1.d0.r2.r2.r1
187,d1.-d0.-r2.-d0.-r0.-f0.f2.-r1.-d0.r0.d0.f0.-d1.d0.-r1.-d0.f2.r2.-f2.-r2.-d0.r2.f1
188,r2.-f2.-d1.r2.f1.d0.-f1.r2.d0.r0.f2.-r1.d0.d2.-r0.-f2.-d2.f0.d0.d2.f1.f1
189,d0.-f2.d1.-r1.f0.f0.-r1.r0.-f2.-r2.f2.-r2.f0.-d1.-r1.-d2.-f0.-r2.-d2.f1.f2
190,f1.-d1.r0.f0.r2.f0.d1.-d2.f0.-d2.-r2.-f0.-d0.-d0.-r1.-f0.d1.r1.-f0.r2.-f0.r0
191,-d0.-r0.-d2.f0.-d0.-f0.d0.r2.-d2.d1.r1.d1.-r2.-d0.r2.r2.-d2.r1.d2.r1.-f2.-f0.-d1
192,r1.f1.-d1.f2.r0.f1.r0.-d0.r2.r2.d1.f0.r2.-d2.-r0.-f1.r0.-f2.r2.r0.d2.f1
193,f0.-d1.r0.-d2.-f0.r2.-f2.-d0.r2.d1.f2.-f1.-d2.r0.-d0.f2.d1.-r0.d2.f2.-r1.-f2.-r2
194,-d2.-r2.-f0.r2.-r1.-f0.r2.-d0.-r0.-d2.f0.-d2.r1.r0.f0.d1.d0.-f0.-r2.-f0.d2.f1.-f2.-d1
195,-f1.-d0.-r0.-d1.-f2.r1.-d0.-f2.-d1.r0.-d1.-r2.-d2.-d2.-f1.d2.-r0.-f1.-d0.-d0.f1.-r0.d2
196,-f1.-d2.r1.-f0.-f0.-d1.f1.-r2.-f0.d1.f1.d1.r2.-f2.-d2.d0.r1.-d0.-f1.-d2.f1.-d1
197,-r0.d2.f1.f2.-r2.-d0.f1.f1.r2.f0.r1.d1.-d2.f1.f2.-r0.f0.r2.r2.-f0.-r1.-d0.-d0
198,-r0.d0.-r0.-f2.d0.r1.f0.-r1.f0.r0.-f2.f0.d1.-r1.-r1.-f2.-f2.r2.-d2.-d2.r2.d1.d0.d0
199,r0.-f2.d2.-r2.-f1.-d0.r0.f0.-r2.f2.-d0.f1.r0.-f0.d0.f0.-r1.-d0.-f2.d0.r1.-f1.-f0
200,d2.r0.f0.-d1.f0.d2.f2.f2.r2.r1.d1.-r1.-f1.r1.f0.r1.f0.-r1.-f0.d2.d2.f2.-d0.r2
201,-d0.f0.-r0.r1.-f2.-f2.d1.-f0.-r2.d1.-f0.-d2.-r2.-r2.-d0.f0.f0.-d2.-f0.-d2.-d2.f0.f0
202,d2.r2.d2.-f0.r2.-d0.-f1.d1.r2.f1.d2.r1.-f2.-d1.r1.-d1.-r1.d1.-r2.r0.-d0.-r1
203,-r0.f0.r0.-f0.-d2.f2.d0.f1.d1.f1.f1.d2.r1.d2.f2.r2.-r0.-d2.r0.-f2.d2.-f0.-d2
204,-f0.-r1.-f1.-r1.-d0.f0.r2.f0.d2.-f0.r2.-f1.-d1.f1.-d2.f0.-r1.f2.r1.-f0.-r2.d2.r2.f2
205,-f1.f0.-d2.-r0.-f1.r2.-d0.-f1.r0.d0.r0.r0.-d0.-r2.r0.d1.-f1.r2.-d2.-d0.-f2.-r2.f0
206,-f0.r2.r1.-d0.r0.-f2.f0.-d2.r1.-f2.d2.r0.d0.-r0.-d2.-r0.-f0.r1.d1.r2.f2.-r2
207,f2.-d2.f0.-r0.r2.f1.f1.-d2.f0.f0.f2.-r1.-d0.f0.-f1.r0.f1.d0.r0.-f1.-d1.f2.f2
208,-d1.f0.d2.-r0.-f1.r2.-f2.d0.r1.-f2.r0.-f2.-d0.-r0.-d1.f1.-d2.f2.r0.r0.d1.d2
209,d1.-f0.-d2.r2.r2.r1.d0.r2.f2.-d1.-f2.-d2.-r2.d2.-f0.-d1.r2.-r0.-f0.d2.f0
210,-d2.f0.d1.-f1.-d0.f1.-r2.-d0.-f1.-d2.d0.-r2.-f1.-d2.f2.f2.-r2.-f2.-r0.-d1.-d2.-r2
211,d2.-f2.-f2.-d2.-r0.d1.r1.f2.-r0.-f2.-r1.-f2.d1.r0.d0.-r2.-d0.-f0.d0.-r2.f0.r2.r1
212,-f2.-d2.f0.r0.-f0.-d2.f1.r1.-f0.r1.d2.f0.-d2.-r0.f1.d0.-d2.f0.-r0.-f0.d2.-r2.-f1.r2
213,d2.r2.-r0.-d1.r0.-f2.-r2.f0.d2.d0.-f1.-d0.-f0.d0.-r2.d2.r2.d1.f2.-f0.-d1
214,-f1.-r0.f1.r0.d2.-f1.r2.f2.d1.-d2.f0.-d2.f1.f1.-r2.d0.-d2.-r0.d2.-r1.-f0.d1.r1.r2
215,-r1.-f2.-r1.d0.-r0.-f2.r2.-d0.f1.-r0.d2.f1.-r1.f1.r0.-d0.r2.d2.d0.f1.d2.-f2.f1
216,-r2.-d0.-f1.-r2.-f0.-r1.-r1.d1.f2.r0.r0.-d2.r0.f0.-r2.d0.-r2.f1.r2.-d0.-f1.r0
217,f1.r0.-d2.f1.r1.-d2.r0.-f2.d1.-r2.f2.-r2.-f0.-r2.-r2.-f2.r0.-d2.r0.-f0.r2.r1.-f0
218,d0.-f1.f2.r0.r0.-f2.r1.-d0.r0.-d0.-f2.-r0.-d2.r1.-f1.r2.-d1.f0.-r1.-f1.r1.f2
219,-d2.r0.f1.-d0.f2.d1.-f0.d0.-f0.d1.-r2.f1.f1.-d1.-r0.-f1.-d2.r0.-d0.f1.d0
220,-d0.f2.d0.-r1.-f0.-r1.f0.-r0.-r0.f0.d0.r1.d1.f0.-f2.-d0.-f1.-r0.f2.r0.f1.r2
221,r2.r2.d2.r2.d0.-f1.-r2.-f0.-d1.f2.-d0.f0.r0.f0.-d0.r1.d0.-r2.-d0.-r2.-r2.d1.d2
222,-r1.-d0.f2.r0.-r1.-d1.-f0.-r2.d0.r2.f0.-r1.f0.r1.-d2.r2.-r0.d1.d2.f1.-r1.-f0
223,-d1.d0.-r1.-r1.f2.d2.-f1.r1.-f1.d0.-r0.r1.-d2.-r2.d2.r0.-f2.r1.r2.-f1.d1.f1.d0
224,r1.d0.f2.-d0.r0.-d0.f2.-d1.r2.-d0.-f1.-d2.f2.-r2.d0.-r1.-d1.-d2.d0.f1.r2.-d1
225,f0.d2.-r0.f1.r2.-f2.f1.-r2.-f1.d2.d2.-r2.d0.r2.-r0.d2.d2.r0.d0.r0.d1.-r0.f2
226,-r2.d2.f0.-r2.-d1.r0.-f1.-d0.f2.r1.-f1.-d1.r1.-d2.-f2.-r1.-d1.-d2.f2.-f1.-d0.-d0
227,r2.-d1.-f0.-f2.-d0.-f2.r1.d0.d0.-r1.-f2.r2.-d2.-f2.-r0.d0.-r0.-d0.r0.f2.-d2.f2.f2
228,r1.-d1.-f2.r0.d2.-r2.f2.r2.-r1.f2.r0.-d0.f0.-r0.d2.r1.d0.f0.r0.-f1.-f0.r2
229,-f0.r2.-d2.f0.-r1.f0.-d0.r0.f1.-f2.r2.-f0.d2.-f2.-r1.f1.-d0.-r2.f0.-r2.r1.d0.-f1
230,-r2.-f2.-r2.-d0.-r1.-r0.d0.-r0.-d1.-r0.d1.-d2.f0.-r2.-f0.-r0.f0.r2.-d0.-r1.-f1.d0
231,f1.-d0.-f2.r0.-r2.-d2.r2.-f0.r1.-d2.-d2.-f0.r1.f0.f0.r1.f2.-f0.-r2.-f1.-d1.f0.f2
232,-f0.-r2.-f0.r2.-d2.f1.r1.-d2.f2.-r1.-d0.f1.r1.-f2.-f2.-r1.-f1.r2.-f2.f1.r2.r2
233,-r2.d1.-f1.d2.f2.-r2.f2.d0.r0.-f1.r2.d1.-f2.-f1.-r2.-d1.r2.f1.-d0.-f1.-r2.r0.-d2
234,-d0.r0.d1.f2.-d1.-f1.-d2.r1.-d1.-r2.d2.r0.f0.r1.-f2.r0.-f1.r1.-d2.f1.d2.f2
235,-d2.f2.r2.d2.-f0.d1.-r1.f2.-f0.r2.-f0.-d1.-f0.-d2.-f2.r2.d0.d1.-f2.r1.-r0.f1.f2
236,-d2.-r1.f1.-d2.-r0.f1.-r2.-d2.-r2.f2.r0.d1.r2.d0.r1.-d0.-r2.d2.f0.d0.r0.r2
237,-d2.-f2.-d2.f2.r1.-d0.-r0.f0.-r0.-d2.f0.-d1.-r2.f0.r0.-f2.r2.f2.-r0.f2.-r2.-f1.d0
238,f0.d1.-f2.d2.-r1.-f2.-r1.-f0.r2.f0.-d1.r0.f2.-f1.-d2.f0.r1.d2.-r0.d0.f0.-f1
239,-d2.-f0.d1.r0.f2.d0.-f0.d1.-r1.-d2.d1.-f0.-d2.-f2.-d0.r1.-d2.-f1.d0.-r1.-f1.-f1.d0
240,-d2.-r0.f0.-r0.-f2.r1.d2.r1.-d0.-r0.d1.r0.d1.r1.-f1.f2.d0.-f0.d0.d0
241,-r2.f0.-r0.f0.-r1.-d2.-r0.f1.r2.d1.-f2.d0.-r0.-f1.r2.-d2.-r2.f1.f0.r1.-r0.f2.r2
242,-f2.-r2.d1.d1.-f1.-r2.d0.f2.d0.r1.d0.-r2.d0.r0.d1.-f2.d2.r2.r2.r1.-d0.-r0.f1.f2
243,-d1.-r0.-f0.-f0.-r2.f2.-d2.-f0.r0.-f0.r1.-r2.-f1.-r0.-f1.d1.-r0.r2.d1.d1.r0.d1.f2
244,-r2.-f2.-d1.r2.-d2.r1.-f2.r0.-f0.d0.d0.-r1.f1.-r2.d1.-f1.r1.-d1.-f0.-f1.r1.-f2
245,r1.-r2.-d1.-d1.f0.-d0.r2.-f1.d2.-r0.-f0.-d1.r2.f2.-r2.-d1.r1.r2.-f2.r2.d2
246,r2.-d2.-r0.-d2.-f1.f2.r0.d2.-r2.d0.-d1.-r2.-d1.f1.-f0.d1.-r2.d0.f0.d1.-d0.-f1
247,d2.-r0.d0.-d1.-f0.d0.f0.-r1.-f2.-d0.f0.-d0.-f1.d0.d0.-f1.d0.-f1.-d1.-d1.-r2.-d2.d0
248,r1.-d2.-r0.f0.d2.-r2.-f2.-d0.-f0.r2.-d1.-d1.-f0.r0.d0.-r2.-f1.-r0.-f1.d0.f0.d2
249,-f2.-d0.-d0.-f2.d2.-f2.d0.-r2.d1.-r0.-f2.d2.r0.f0.r2.r1.-d0.f2.d1.-d0.f2.d2.f1
250,-r0.-r0.-d2.r1.-d2.-f0.d2.r0.-r2.-f0.d1.r1.d0.-r2.-f1.d1.-r0.-d1.r0.f1.r2.-f1.-d2.f2
251,-d2.-f2.-d1.-r1.-d1.r2.f1.d2.-d1.r2.-f0.-r1.f0.r0.-d1.-r0.f2.f2.r2.-d0.-f0.-r2.-f0
252,r0.-d2.-f2.r0.r0.f0.r1.f1.-f2.d2.-f2.-r2.d1.-f2.d0.f1.d0.r0.-f0.-f1.-r2.-d1
253,-f0.d2.-f1.r2.f0.-d0.r2.-r0.-d2.r2.-r1.-d0.-f2.-r1.-f2.d2.r1.r1.d0.r1.r1.f2.r1
254,-f0.d0.f1.f1.-r2.-r2.-f1.f2.-d0.-r2.-d2.r1.-f0.-r1.d0.f0.d2.f0.-d2.r0.-f1.-f0
255,d2.f1.-f0.d2.-r2.f0.-d0.f2.r0.f0.d1.-d2.r0.-d2.-r1.d2.-r0.f0.-d0.r0.d1.-r0.-r2
256,-d2.-f0.r1.-d2.-d2.-r0.f0.d2.r2.-d2.-r0.f0.-r1.-f0.r1.-f0.-r0.-d1.-f1.-d2.f2.f2
257,r2.-d2.-f0.-f0.d2.-f0.-r2.-d0.-r1.-d0.-r2.-f1.r0.d2.-r2.-r2.f2.f1.r2.f0.-d0
258,f2.-d0.r1.-d0.d2.f1.r0.d1.-f2.r1.-d2.r1.-f1.-r0.f0.r0.d2.-d0.r0.r0.d0.-r1
259,-d1.-r1.f0.d1.r2.-r1.-f2.r2.d0.-d1.f1.-r2.f0.-r1.-r0.d2.-d1.-d1.f1.d1.-r0.d2.d0
260,d0.-r1.d0.f2.d0.-f1.r0.d1.r0.d1.f1.-f0.d1.-f1.d2.f2.-d0.r1.d0.r0
261,-d0.-d0.-f2.d2.-r2.-d1.r0.-f1.-d2.r0.f1.-d0.r0.f1.-d1.-d1.d0.r1.d1.r0.d2.-r0.-f0
262,-r2.f2.d2.-r1.d2.-r1.f2.-r0.-d2.f2.-r0.-d2.-f2.d2.d2.-f1.-d1.f1.-r1.-d2.-r0.r2
263,f2.r0.f0.-f2.d2.-f0.-r0.-f0.-d2.-f0.-r2.f1.d1.-f1.-r1.f1.d1.r0.d2.r2.r1
264,f0.-f2.d2.f1.r2.-r0.-d1.r2.f2.r0.f0.d1.-f2.f0.-f2.-d0.-f0.f2.-d1.f0.-d0.-f1.-r2.f2
265,-r2.f2.-d2.f2.-f0.-r2.f2.r2.f2.-d0.-f1.-d1.f2.d1.-r1.-d1.f2.-f0.-r2.r0.f2.-r0.f2
266,-r0.f2.d0.-f1.-r2.-f0.d0.-r0.d2.r1.d2.-f0.-d2.f2.-d1.f0.r2.d1.-f0.d0.-f1.f0
267,d2.-r1.-f0.-r1.-f2.-d0.-d0.f0.f0.-d2.-r1.-r1.f2.-d1.r2.-f1.-r0.f1.-f0.d1.r1.-f1.r2
268,r0.f1.-d1.f0.d0.r2.d0.-r1.-f1.-d1.-r0.f2.-d1.d0.-r0.-d0.-d0.r2.d0.-f2.r1.f2
269,d2.-f2.-f2.d0.-f1.-d1.f0.-d0.r2.f0.r1.-f2.-d1.d0.f2.-d0.r1.r0.f1.-d0.-r1.-f2.d0
270,-r2.-d0.-f1.d1.-r0.f1.d1.r1.d0.f2.r0.f1.r1.-d0.-f0.-d0.r1.-d0.-f0.-d0.f2.d2
271,-f0.d2.-r1.f2.-d0.-d1.-f0.r2.-r1.f0.-d1.-f2.r0.-f0.-r1.-r2.-d0.-f1.-d1.f1.d0
272,-r2.-f2.d0.r0.d2.-f2.d0.f1.r1.f2.r2.r0.f0.d2.r2.d1.r0.-f2.d0.-f2.-d0.f2
273,r1.-f0.-r2.-f2.d0.-f0.-r1.f2.d1.-r1.d0.-r2.f1.-d2.-r1.d2.-r0.-r1.-d0.r0.-f2.-f1.d0
274,-d0.r0.f2.d1.-f1.d0.-f0.-d1.f1.r0.-f2.d2.r1.-f1.-d0.-f0.r0.-d0.-r0.r2.-d1.f2
275,d0.-f0.-r2.-d1.-r2.-d2.-r1.-f0.-d0.d1.-r0.d2.-r1.-r2.-d2.-r0.d1.-r2.-d1.-d1.r2
276,d1.-d0.-r0.f1.-r1.r2.-f1.r1.-r0.-f2.f0.-d2.d1.f0.-d1.d0.-f0.-d0.d2.r0.-f2.-d0.-r0.d0
277,d1.r1.f1.d2.f2.r1.d0.r0.r0.-f1.f0.d0.f0.f0.-d0.r2.f0.-d0.f0.d0.-r0.-f0.-r0
278,-f0.-r2.f2.r2.f2.r1.-f2.-r2.d2.d2.f1.-r2.-f2.-d2.-r2.-f1.-r0.-f2.-r2.r0.f0.-r0
279,f1.-d0.-f2.-d0.r0.-d2.-f2.d2.-r1.-f0.-d0.-f1.d2.-r1.f1.-d1.r2.d2.-r2.d1.f0.-d1.f2
280,d0.-r1.-f2.-r0.-f1.d2.r0.-f1.r1.-f2.-d2.r1.-d2.-r2.-d2.-f0.-f0.r0.-f2.-r0.f0.-r0
281,d1.-r1.-f0.d2.-f0.-r2.d1.r0.d0.f0.-r1.-f2.-r0.d1.-r2.d2.-f2.f0.-r1.-d0.r1.-f0.f2
282,f2.-r2.-f2.-r0.-d1.r2.f2.r1.-r0.-r0.-f2.-r0.-f2.r1.-d1.f1.-r1.f0.-d1.f2.r0.d1
283,-d2.-r1.d1.f2.d1.d1.-r2.-f2.-d0.-r2.-r2.f0.r2.-f0.-d1.r1.-f1.-r0.-d1.-d2.-f0
284,-d2.-d2.r0.d1.-f0.d1.-r1.-d2.d0.d1.r1.f2.r1.-f1.-f1.d1.f1.-r0.f2.-r2.-d0.f2
285,-f1.r2.-d2.-r2.d0.r2.f0.d1.r0.d2.r1.-d2.-f2.-r1.-d2.d0.r2.d1.d2.r1.-f2.-r2.d0
286,-r0.f0.d2.r0.-r1.d1.-f0.f1.-r1.d2.-f0.-r0.f0.r0.f0.-r1.-f0.-d0.r1.-d0.-r2.-d1
287,-r2.r1.d2.f0.-d1.r2.-r1.-f1.d1.d1.f0.-r2.r1.-d1.-r1.-d0.-f2.f1.d0.f2.-f1.-r2.r1
288,-r1.-d1.-r2.-d2.-r0.-f1.-d1.-r0.f1.-d2.f0.-r0.d0.-r1.-f1.-r1.r0.d1.-r1.f2.-d2.r1
289,-f2.d1.r0.-d2.-r2.f2.-d0.r2.f2.-r1.d2.-f0.-d0.-f1.r0.f2.-d1.-f0.d2.f0.d1.-f0.r2
290,-f1.r2.d2.f2.-f1.-d2.f2.-d1.r0.-f0.d0.r2.-d2.-r0.-d0.-r1.f2.d1.-f2.d0.f2.d1
291,f0.-r1.-d1.r2.d2.-r0.f1.-r0.r1.-d0.-r2.-f1.f2.r2.r1.-d2.r0.-d2.f2.-d0.f1.d0.f1
292,r0.-d0.-r2.f0.r0.-d0.r0.-f1.-d2.f2.r1.d2.r0.-d2.-r2.f0.-r2.-f2.-r2.-f0.-r1.-d2
293,-d1.r0.-d1.-f0.f1.d1.-r0.f2.f2.-r2.d2.r0.d0.-f0.d2.-r2.f0.d2.d2.f1.-r2.f2.d1
294,d2.-r2.-f0.r1.-f2.f0.d2.-r2.-f1.-d0.f1.r2.r0.-f0.d2.-r0.f1.r0.-f2.r0.r2.-f2
295,f0.-r2.d1.-r1.r0.f0.d1.-r2.f1.d1.-f2.d0.f2.f2.d0.-r0.-r2.-f0.-r1.-f0.d1.-d2.r2
296,-r0.f2.-d0.r0.-f2.-d2.f0.-d2.-d1.-f1.r2.r1.-f1.f0.d1.r2.-d1.r2.f1.-d1.-d2.r2
297,r1.-f2.r0.f0.-d0.-r2.-d2.-f1.r2.f0.-d2.-r0.f0.-r1.f2.r1.-d2.-r1.-d0.-d1.f1.-r1.d2
298,f2.-f1.d0.-r2.-f1.-d0.f2.d1.r1.d0.-f2.-f2.d2.-d1.-f0.-f2.-d1.r1.-d2.-r0.r2.f2
299,-d0.r2.-r0.d1.-f1.-d2.r2.-d0.-r0.d0.-f2.-d0.f1.-r1.-d2.r1.-f0.-r2.-f0.d2.-r1.-d2.f0
300,r2.-d1.-r1.-f1.d0.f0.-d2.-f1.d2.r0.d0.r1.-d0.d2.-r0.f2.r2.-d0.f2.f1.r0.d0
301,f0.-r1.d2.d2.-r0.-d1.r2.-d0.-r0.d1.f1.r2.-d2.-r2.-f1.-f0.-r1.-f0.-f0.-d1.r0
302,-d1.-f2.d0.r0.f1.-r0.-d2.f2.-r2.d0.-r1.-f2.-d0.-f0.-r0.-d1.f0.-d1.-f1.d1.f1.f2
303,-d1.-f1.r1.-d0.-f1.-r2.d1.-d2.-r0.f2.d0.f1.-r2.f0.r1.-f0.d1.r1.-d1.f1.-d0
304,-f1.-r2.f0.r0.-f0.-r2.-f1.r0.f2.r1.-f2.r2.-f2.-d1.-r1.d2.d1.-f2.d0.-r2.-f2.r2
305,r0.d0.f1.r1.-f0.d1.-f0.d1.-d0.-f2.d0.r0.-d0.r0.-d2.-f2.d2.d0.f0.d0.-f0.d0.d0
306,-d0.r2.f0.f0.-d1.f2.-d0.-r2.d0.-f1.f2.-d2.-r2.f1.-d0.r1.d0.-r0.d0.-r0.-f1.-f2
307,r1.-f1.d0.f1.d0.f2.r2.d2.d2.-r1.d0.r1.f0.-f2.d1.-r0.d1.-f0.-f0.d1.f2.r2.f2
308,d0.-r2.-f0.-r0.f0.-d2.-r1.-f2.-d2.f2.-d1.-r1.-f0.-d2.d0.-r2.-f2.d0.f2.-r0.f2.r2
309,-r1.-f1.d2.-f1.d1.-f1.-r0.-r0.-d1.-r1.f2.d0.-r2.-d0.f1.r1.f2.r1.-f0.-r1.d0
310,d2.d2.-r2.-d0.r2.f2.-d0.r2.-f0.f1.-r2.f0.r1.-f1.-d1.-f2.r0.-f2.-d0.r2.f1.f0
311,-d0.-r2.f1.-d2.-r2.f1.f2.-f0.r0.f1.d1.f0.-d2.r1.-d2.f0.d2.f0.d2.-f0.-r1.d1.d2
312,d1.-r2.r0.-d2.r2.d0.-r1.d1.-f2.r1.f0.d2.f0.d2.-r0.f2.-r2.d2.-r0.d1.f2.r0.-f2.d2
313,-f2.-r0.-f2.f0.-r2.f1.-d2.r1.d1.-f0.-r2.d1.f0.r1.-f0.d1.r2.-d2.r0.d2.-f0.-f0.d0
314,-d2.-r1.-f0.-r0.f0.d0.f1.d1.r2.d2.r1.f1.d2.-r2.-f2.-r1.f1.d1.d2.r1.-d0.-r2
315,r1.-f1.f2.r0.-d1.-r1.d2.f2.-r0.f1.f2.-d2.-r2.f1.-r2.-f0.d2.d2.-r2.-d2.r0.-r2.d0
316,-d0.-r2.f0.d1.r0.-d0.f0.f0.-r2.-r1.-r1.-d0.-f0.r1.-d2.r1.-d2.-r1.d2.f0.-f1.d1.-r2.d0
317,f2.r0.f2.f2.-d1.-r1.d2.-r0.-d0.f0.r0.-f0.-d0.-r2.-f0.d1.-f0.-d1.f0.r2.-r1.-d0.d2
318,-d2.r1.d0.r0.-d0.-f0.d1.-r0.d1.f1.r1.-f0.d1.-r0.d2.r0.f1.f2.-r0.-d2.r2.f1
319,f2.-r2.-d2.d1.f2.-r1.d1.f0.d0.-r0.-f0.-r2.r0.d0.-f0.-r2.-f1.-r0.-r0.f0.f2
320,f1.r0.-d2.-r1.f2.-d2.-f2.r2.-r0.d2.f2.d2.f2.-d0.-r2.-f2.-d1.f1.-d1.r2
321,d0.-f2.-r0.d2.-d1.r2.-d2.r2.-d1.f2.-r0.f0.r1.d2.-d0.-r1.-r0.-f1.d0.r1.f1.r2.f2
322,d1.-f0.d1.-r1.f1.-d0.-f2.-d1.f2.-d2.f1.d2.r0.-f0.-d2.-f2.r0.d2.r1.-f2.-r1.-f0
323,-r1.d0.r2.r2.-f2.-r0.-f2.r2.f2.d0.-r0.d0.-f0.d1.-f0.-d1.-r2.d2.r0.-d2.-r2.-r2.f0
324,-d2.-r0.f0.-r0.-f0.-d1.r1.-f1.-r0.-f2.-r1.-f2.f1.-r1.-f1.-d0.r2.r2.-f0.-f2.-r2.f2
325,-f2.f1.-r1.-f2.r0.f2.-r0.f0.-r1.f0.-r1.-d1.-f1.-r1.-d2.r1.r2.-d2.f0.d1.-f0.-f0.-d0
326,d0.r0.-d0.r1.f0.-r2.-r2.f0.-d1.-f1.-d2.r0.d2.d2.-r0.f0.d2.-f1.-d2.-f0.-d1.-r1.r2.d0
327,-d1.-f1.r0.d0.d0.-f1.-d1.f0.-d0.-f1.-d0.f1.-d2.r2.-r0.d1.-f2.-d1.r1.-r0.-f0
328,-f1.r2.-d0.-f1.-d2.f2.f0.-d0.d2.f0.r0.d0.r1.f1.d1.-f2.r0.f2.d1.-d0.f0.f1
329,-d1.f2.-r1.f2.-d2.r2.-d2.d1.-r0.-d1.r1.-r2.f1.d1.r2.d1.-d0.-d0.-r2.d0.-f2.-f2.-r2
330,-f1.-r0.-d2.r2.-d2.f0.r0.d0.-f1.f0.r0.-r1.d0.f0.-r2.f2.f2.r0.f1.f2
331,-r2.-f0.f2.r1.-f2.r1.f1.-r0.f2.r2.f2.-r0.-r0.d2.f2.-d2.-f1.r2.-d0.-f0.-r0.f0.d0
332,-r2.d0.-d2.-f2.-d2.-r1.f0.r0.d1.f2.-d1.r1.-f0.-r2.r1.-d2.-f1.r2.-d1.f1.-d2.d0
333,-r0.-d1.f2.r2.d2.f2.f2.r0.-r2.-f1.r1.-f1.-d1.r2.-d0.r0.f0.d2.-f0.-r0.-d0.-f1.-d1
334,-d0.r0.-f0.-r1.d1.-r0.d0.-d2.f2.-r1.d0.f2.d1.-r0.r2.-f1.r2.f1.-r2.-r1.-f1.-r2
335,-d0.r0.-f1.-r1.-d1.r2.-f2.r0.f2.d0.r0.-d0.-r0.-d0.r2.-d0.f0.-r0.-r1.f2.-r2.-d2.f2
336,r0.-d1.-f2.r0.-d2.f1.d2.-r1.d1.f0.-d2.-d2.-f0.-f0.-d0.-f2.r1.f2.r2.d1.-f1.d0
337,r0.-d1.f0.-d1.-f2.d1.-r1.-d1.r1.r2.-f1.d2.-f0.-d2.-f2.d2.-f2.-f1.r1.f0.r0.r2.f1
338,-r1.-f0.-f0.-d0.r0.d2.f2.-d1.f1.r2.d2.r1.d2.-r1.-r1.d1.-f1.-d1.-d2.-r2.f2.d0
339,d0.-d1.-f0.-d2.-r0.-f2.-f1.-r1.-f2.-d0.f1.d2.-r2.-f2.-d2.r0.-r1.-f1.r1.-d2.r0.-r1.-d1
340,-d0.f0.d2.-r2.-f1.d0.-r1.f2.d0.d1.-r2.d0.r2.-d1.-r1.r0.d0.-r1.d1.-f2.-r1.-f2
341,-f0.d1.f1.-r0.f2.-f0.d0.r2.f1.-r1.d1.-r1.f1.-d0.-r0.-d2.r1.-f1.-r1.r2.f0.r1.r1
342,r2.f2.d2.f1.r0.r1.-d0.-f0.r1.f1.f1.-r0.-d0.r0.-d0.-f1.d2.f1.r0.-f1.d0.-f1
343,f1.d2.d2.-f2.-r2.d1.f0.-d1.-d1.-f1.d0.f1.-d2.r0.-f0.d1.r2.-f2.-d0.r2.f0.d0.-f0
344,d0.-d2.-f1.r0.d0.d0.f1.r1.-d2.-r2.-d2.r2.d1.-f2.-d2.-f2.-f2.d0.r0.f2.-d2.-f2.d0.d0
345,-d0.-f0.r0.-d1.f2.-d2.f0.d2.-f0.-r1.-f2.-r2.-f0.r2.d1.d0.f0.-d1.r0.f0.-d0.-r0.f2
346,-r0.-f1.-d2.r2.d2.f0.-r2.f1.-d0.r1.-r0.f2.-d0.f2.-f0.d1.f2.-r0.f1.-r1.r0.f1
347,-f2.r0.-r1.r0.d0.-f1.d0.-r0.-d0.-f0.-r1.-f2.d0.f0.-d1.f1.d2.f2.d0.d0.f2.-d0.-d0
348,-d1.-d0.r2.-f1.-r1.f2.-r0.-f0.f1.-r2.-d0.-f0.r2.-f0.r0.-d1.-r1.f1.-r2.f1.-d2.r1
349,d2.-f2.-d1.r1.d0.r2.-f0.r1.-d2.-f2.d1.-f1.-f0.-d1.-r2.d1.-d0.f2.d0.-f0.r1.-f2.d2
350,-d2.-d2.r2.f1.r2.-f0.d0.-f1.-f1.r2.f1.f2.-r0.-f0.-r1.r2.d0.-r0.-r2.-d2.-d2.f2
351,d1.-r0.-r0.f0.d0.f0.-f1.-d2.d0.r2.f0.-f1.-r2.r1.-d1.-f1.-r2.-d2.-d0.f1.-d2.-d2.f2
352,-f0.d1.-d2.-f2.-f2.d0.r2.-d1.-f0.d0.-r0.-f2.d2.f1.r1.-d2.-r1.-f2.-r2.-d2.f1.-f0
353,-f1.d1.-f0.r2.d0.f1.-d2.-f0.r1.f0.d0.-f2.d1.f0.-d2.r0.-r1.-f0.r2.r1.d0.-r2.f2
354,f2.d1.f2.-r1.-d0.-r1.f0.r2.d0.-f0.r2.-f1.-d2.-f0.f2.r2.f1.r0.-f1.-d1.r2.-r1
355,-d2.f0.-r1.-d1.f2.r0.d0.r2.-d0.-f2.-d1.f0.d2.-r1.-f2.-d0.-f1.d0.-f2.d2.-r0.r2.r1
356,r2.d2.r2.-f2.d0.-f2.-d2.-f2.-r1.-d0.f0.f1.-d0.d1.-r0.-d1.f0.-r1.d1.r0.f2.d0
357,r0.d2.r1.f1.r0.-d1.f1.-d0.-r0.-d0.-r2.-d0.f2.d2.-f2.r2.f2.-d2.-f0.d2.-f2.d2.d0
358,-d0.d1.r0.-d0.-f1.-r0.-d2.f1.-r0.d0.-r2.d2.d0.-r1.-r1.-f1.-r2.-d1.f0.r2.f2.d2
359,-r2.-f1.-r0.-d1.-r2.d2.-f2.-r0.d0.-f1.d0.f0.f0.d0.-r2.-f1.-f1.-d1.-f0.d1.r2.f0.f2
360,-d0.r0.-d2.d0.r1.-d2.d1.-f2.d1.-d2.-f0.-r2.d2.-d0.-r2.-f2.r2.-f0.-r0.f1.r0.f2
361,f2.-r2.f2.r0.f2.r2.d0.r2.r2.-d0.-r2.-d0.-d2.f1.-f2.r1.d0.-f2.-f2.r1.f0
362,r2.-d2.f2.-d0.-f2.d1.-f2.d1.f0.-f2.r1.d0.r2.f2.r0.-f0.r1.f2.r1.-f1.d1.f1
363,r0.-d0.-r1.f0.r2.-d1.-f0.d0.d0.f1.r0.-f2.-r0.f2.d2.f1.-f0.-r0.-r0.-f1.r2.-d0.f0
364,-r2.f2.-d2.-r2.d0.r2.-f0.r2.-f0.-r1.-r0.f0.r1.f0.-r1.-f0.-r2.f2.-d2.r1.d0.-f2
365,-f2.r0.r0.f0.d0.r0.-r2.-d0.-f2.d2.r2.r2.f1.-d1.f0.f2.-r1.-d2.-d2.f1.d1.r2.d2
366,-d0.-r2.-f1.-r2.-d0.r0.f2.d2.f1.-d0.f2.-d1.d2.-f1.d1.r2.-d2.d0.r0.f1.-r0.d2.d0.d0
367,r2.-d2.-r2.-f0.-r0.-f2.r0.f0.-d0.-r2.f0.-r2.d0.-f0.r2.-f1.-f1.-d0.f2.-d2.f0
368,f1.-d1.f0.d2.-r0.f0.r0.-d0.-f2.-r2.-d0.r0.-r1.-d1.-r0.-r2.-d0.-f2.d2.f2.d0.f2
369,r0.-d2.d1.-r2.-d1.-r1.-f0.-r1.d2.-r0.f2.-r0.r1.-d2.-f1.-r1.-f2.d0.-r0.r1.r1
370,r0.-d1.-r0.-d1.-r2.d1.f0.-d2.f1.d0.-d1.-f2.-d2.-f2.f0.-r1.f1.-d2.r0.d2.-f2.-f1
371,-d2.-d2.-f0.-d1.-f0.-d2.r1.-d1.d2.-f1.r0.f1.d2.-r2.-d2.-f2.-d2.-r1.d2.-r0.f2.-d1.r2
372,-f2.r0.-f0.-r1.d1.f1.-r0.f0.d1.-r0.-d2.-f2.r0.-r2.f0.-r2.-f2.-d2.r2.d0.d0.f1
373,-f1.d2.-r1.-d0.r0.d2.-f2.r2.-d2.d1.-r1.-d1.r2.f1.f1.-d1.d0.r0.-d0.f2.f2.d1.f1
374,-d1.f2.r0.f0.-r1.-f2.-d1.-d2.-r2.-d0.-d1.f0.r1.-f0.-r2.-r2.-f2.-d1.-r2.-f2.f1.r2.f0.f2
375,-r1.-f0.d1.-f1.r0.f2.d2.r1.-f1.-r0.-r0.-d2.-r0.-d0.-d0.r0.d0.-f2.-r2.-f2.-d0.-f0.f2
376,-f0.d0.-r1.-d1.-f2.-r2.f0.-r1.-f0.-r1.d0.f2.-d2.r2.f0.d1.r1.d2.-r1.-f2.-d0.-r2
377,-f2.r0.-d0.-f0.d1.-f2.d0.-f1.-r0.f0.-r2.d1.d1.-r0.f2.-r0.d2.-f2.r1.f2.-r1.-r2.f2
378,d1.r0.-f0.-r0.d1.f0.r1.-d0.-r0.-d2.r0.-f0.-f2.-r1.-f2.d2.-f0.d1.r2.-d2.r0.r1
379,d1.r2.-f1.-d2.-f1.-d2.-r0.-f0.d1.-r2.f2.-r0.-r0.-f0.r0.f1.-d2.-f2.-r2.r1.r1
380,-r2.-d0.-r1.f1.-r2.-d0.-f0.d2.f2.-r1.d2.r0.-f2.-r1.-f2.-r2.-r2.f2.f0.d0.d1.r0
381,-r2.-f0.-d0.-f1.d2.r2.-f1.-d1.-f1.f0.d2.-f0.d2.r1.f0.r1.d1.-f2.d1.-f0.r1.f0.d0
382,f2.d0.r2.-f2.d2.r2.f0.r1.f1.r1.f2.r2.f0.-r2.f0.-d2.-f0.r1.-r2.f0.r2.f2
383,-d2.f1.r0.f1.-d2.-f2.r0.-f1.-r0.f1.f0.f1.-r2.-f0.-d1.f0.-d1.f1.-f0.-r1.r0.d1.d0
384,d2.-r2.d0.r0.d2.-d0.-r2.-d1.-f0.-d1.-r2.-d2.r2.d0.f2.-r1.-d1.-f2.-f2.r1.-f1.-f2
385,r2.d1.r2.f0.-d2.f0.f0.r0.-d0.r1.-r2.r1.-d0.-r1.f2.d0.f0.-r2.r0.-f1.-f2
386,-r0.-d0.r1.r1.-d1.-f1.r2.d1.-r0.-f0.r0.d1.r1.-d2.r2.d0.f2.d1.-f1.-d1.-d1.d0
387,-r1.-d2.f0.d0.f1.r2.f1.d0.-f2.-r2.-f2.d0.-r1.-d0.-r1.-d1.-d1.-f0.-r0.f0.-r1
388,r2.-d2.f0.r1.r1.-d2.-f2.f0.d2.f1.-r2.r1.-f1.r0.f2.-r0.f0.d1.r0.d0.r1.-f0
389,-d1.-r0.-d0.d2.f2.r2.f1.d2.-f1.f0.-r1.-f2.r1.d1.-r1.-d0.-r2.-f0.-r0.-f0.r0.d0.-f1
390,-f2.-r0.-d2.-f2.-r0.r2.-f0.-r1.f1.d0.-f2.-r1.f1.r1.r1.-d1.-r2.-f2.-r0.f2.-f0.r1
391,-f1.d0.-f0.r2.f2.r1.-f2.-d0.-f0.d0.-d2.-f0.r1.f0.-r0.-r0.-r1.f2.r1.-d2.f1.-f0.f2
392,-r1.d2.-f0.-r2.f2.r1.-d1.-r0.-d2.-r1.d1.-r0.-d1.r1.r1.-f0.r2.-d2.f0.-d0.d2.r2
393,-r0.d2.-d1.r2.-f2.d1.-r0.-f2.-d2.-r1.-f2.-r2.-f1.r0.-r1.f1.r1.-d1.-f0.d1.f1.d0.-r1
394,-d2.-f2.f1.d2.f0.-r2.d1.-f2.d1.r0.-f1.r1.r1.-f2.-d0.-f0.-r2.-f0.-d0.-r1.-d2.f0
395,d0.-f0.d0.f1.-r1.d1.r2.-f1.d2.f1.f2.-d1.-r2.-d0.f2.d0.f1.-r2.-f0.d1.r2.-f1.-d1
396,d2.-f0.-r2.-d0.r0.-f0.d0.-f2.f0.d2.-r1.-d2.-f2.d1.d2.-f2.-d1.-f0.d0.r0.r1.d0
397,f1.r2.-d0.-r1.-d0.-d0.f2.-f1.d0.-f0.r0.f0.d1.-r2.f0.f2.d0.-f2.-r0.-d2.r0
398,f0.-r0.-d1.r2.-r1.-d1.-d0.f1.-r2.-d1.-f1.-d0.-r1.f2.-d0.f1.d0.-d2.-f2.-r0.-f0.-d2
399,f2.d0.r1.-d2.-r1.-d0.r2.-d1.-f2.-r0.d0.r0.-r2.d2.-d0.-r2.f0.f1.f1.d2.d1.r1.d0
400,-r2.-f1.-r1.f2.-d1.-r2.-f0.d1.d1.-f0.r2.-f1.d1.d1.d0.-r2.-f2.r1.f2.d0.-f2.-r2.-f1.-f0
401,f2.-d0.f2.r1.-d2.-d2.f0.-d2.f1.-d0.-d0.-r2.-f0.d2.r0.d2.-r2.-d2.r2.f0.-r0.-f0.d2
402,d1.r2.-f0.d2.r2.d0.r0.f1.r0.f1.r2.f2.-r0.f0.r2.-f0.r2.f1.d1.r0.-d2.-d1.-f1.-d0
403,d2.d2.f1.-d2.-r2.d1.f1.-f2.d2.-d0.-r0.-d1.r1.-f2.-d2.r2.f0.-d2.r1.d2.d2
404,-f1.r0.d2.-r0.-f2.-d2.r2.f1.r0.-d2.d1.-f0.-d2.-f1.-d1.r0.-d1.r0.-d2.-r0.-d0.f1
405,d1.-d2.-f0.-d0.-f2.r2.f2.-r1.f2.d1.d1.-r0.-r0.-f2.r2.-r0.f0.r0.-f1.-d1.-f2.d1.d2
406,-d2.-f0.-d0.f1.d1.-r0.d0.r2.-d0.r2.f1.-f2.r2.-f0.-r0.d1.d2.f0.r1.-r2.f0.-r1
407,-d1.r1.f0.r2.-d2.-f1.f0.r0.-d1.-r2.d0.f0.r1.d2.r0.f1.-r1.-d0.-f2.d0.-f0
408,d2.-r0.f2.-r2.f1.-f0.-r1.-r1.-f2.-d2.r1.f0.-d1.f2.-d2.r0.f1.-f0.r1.d1
409,-f0.d0.-f0.r0.-d2.r2.-d2.-d2.f0.d0.-f1.-r1.-f1.r0.-f2.r0.-d2.-r0.-f0.d2.-r2.-r0.-d1
410,-f0.-r1.-d1.f1.d0.-d2.f0.-r0.-f1.-d0.-r2.d0.f0.-d0.-f1.-d2.-r2.d2.-f2.-r2.f1.-r1
411,-f1.-r1.f0.-d2.-f2.-r0.-f2.-f2.d0.-r0.-d0.f1.-d0.-r2.-f1.r2.f2.r2.f1.-r2.-f2.f0.-r2
412,-r0.-r0.d0.d0.-f2.r0.-f0.-r0.d1.f2.-f0.-r0.-f2.r0.-d0.-r0.-f0.f1.f2.-r0.-f0.-r2
413,-f1.d0.-r1.-f0.-d2.-r1.-r1.-f0.d1.-r2.d0.-r1.d2.-f2.-f2.-d2.-r1.-f0.r0.r0.f0.r0.-r2
414,r0.-d2.-r0.f2.f0.-d1.-r0.d0.-r0.d0.-f2.-d2.r2.r2.-f2.-r2.f2.f2.-d2.-d0.-r1.-d1
415,-f2.-f2.d0.-r1.d0.r0.-d1.r1.-r2.-f2.d0.-r0.-d1.r0.f2.-r1.-r0.d2.d1.r1.-f2.-r2.f0
416,-d2.-f0.d2.-f2.-d1.-r0.f1.-d1.-f1.r1.f0.r0.-f1.f2.r2.f2.-d2.-d1.-r1.f1.r0.r2
417,f0.r2.f0.-d2.-f2.r1.-f2.-r1.-d2.f0.r2.-d2.-r0.f1.r0.d1.-r0.-f0.-r2.d0.r2.d1.d0
418,d1.-f2.-d2.-f2.-d2.r0.-f2.-r2.f1.-d2.d1.r0.-d1.-f0.r2.-d2.f2.-d0.-f2.d2.f2.r2
419,-f0.d0.-r2.f2.r2.f2.-d2.-r2.-r2.d0.d0.-f0.r0.f0.-f2.-r1.f2.d1.-r2.-d1.f0.f1.d0
420,-f2.r1.f2.r0.f0.r1.-d0.f2.d1.-r1.r0.d2.f2.r1.-d0.-f2.-r2.-d1.-r2.d1.r0.-d1
421,-f1.d0.-f0.d1.-f2.d0.-r0.-d2.r0.-d2.-r0.d0.-f2.r2.-f1.r2.f2.f2.r2.-d1.-r2.-f2.-d1
422,d0.f1.-d0.-d0.r2.r2.-d2.-r1.r2.-d1.f0.r1.d0.-d2.f0.-d0.r0.-f0.-r2.f2.f1.d2
423,r2.-d2.-r1.f2.d2.f2.-r0.-f0.-d1.-d1.r2.d2.f2.-d2.-f0.r2.-f0.-f2.-d2.r2.d1.-f1.-d0
424,-d2.-r1.-d0.-f0.d2.r2.-f2.r1.f0.d2.r2.-f1.-d1.-r2.d2.r0.d0.-f2.d1.r2.-d1.f2.-d0.-r0
425,-r0.r1.-d2.-f0.d1.f2.r0.-f2.-d2.-f0.f2.d2.r2.-d2.r2.-d0.-f2.d0.f2.r1.d0.d0.-r0
426,f1.-d2.f2.r2.-d1.-r1.-f0.-d0.-r1.-d0.-f0.-d0.f2.d0.-f1.-r1.d0.-f0.d1.-f2.d2.-f0
427,f1.f1.d1.-f2.-r2.-f0.r0.d2.-r2.d1.d2.f2.-d2.-f0.-r0.-d2.-f0.-r0.-f2.d1.f2.d1.d2
428,d1.-f0.r1.-d2.r1.d0.-f2.r1.d2.-r2.-f0.d0.-r2.d1.-d0.-f0.r2.-f1.r1.r0.f1.d1.-f0.d2
429,-r2.-f2.-f2.-d0.-f1.r0.-f0.f2.-d2.d1.f0.r0.f2.r2.-r1.f0.r0.-f0.-d0.f2.-d1.-d0.-r2
430,d1.r1.d0.-f2.r2.-f2.r0.-d0.-f2.d1.d2.-f1.r2.d2.-r2.-r0.-f2.r0.d2.-f0.-d1.f2.d0.d1
431,d1.f0.-d1.r1.d0.r0.d0.d1.f0.-d1.-f2.d1.-r2.-f2.r2.f0.d2.-f2.d2.f1.r2.d2.-r2
432,-d1.-r2.-f1.r2.f0.f0.d0.r0.d0.-d2.-f1.-f2.-d2.d0.-r1.r0.-d1.-r1.f0.r1.-f0.-d2.-f1.r2
433,-d0.f0.-d0.-f1.-d0.r1.r1.f2.d2.-f2.-d2.r0.-f0.d0.-r1.-d0.f2.d0.f1.-d0.r0.-f2.r1
434,-f0.r0.-d2.f0.d0.r0.-r2.f1.-r2.d0.r1.-f0.d1.-r2.f2.-d1.r0.-r1.d0.-f1.r2.f1
435,r0.d2.f1.-d0.f1.d0.-r2.d2.-r1.r0.d0.-f2.f0.-d1.f1.-r1.-r0.-f1.d2.f1.-r2.d0.f1
436,f2.r2.r2.d1.-r2.-d2.d0.r2.d0.f1.-f0.d2.f1.-r1.-f2.r1.d2.d2.f2.f2.-d0.-d1
437,-d2.-f0.d0.-r1.d0.r2.-d1.-r1.-f1.-d0.-f0.-d2.-f0.-r0.-d1.r0.-d0.-f1.r0.d0.f1.-d0.d2
438,-r0.d2.r0.f2.d1.r0.-d1.f0.d2.-r0.d1.f1.d2.-f2.-d2.r1.-d1.r2.d0.-f2.-r1.-d1
439,-d1.-f1.r2.-d0.-f2.-r0.-d1.-r2.r1.-f0.-r2.-f0.r2.-f0.-r0.f2.r0.d2.f0.f0.d1.-f1.-d1
440,-d1.f0.-d0.-f2.r0.-f1.-r1.d1.-f2.r2.d2.r0.-d1.-r0.f1.d0.-f1.r0.-f0.-r1.d0.-f2
441,-r2.-f2.d1.r0.-d2.-f1.-d1.-r0.-f2.r2.d2.r0.f1.d0.-f1.r0.f0.r1.f1.-d0.-f1.-d0.-f1
442,-f2.-d2.-f2.d1.-r2.f0.f0.-r0.r1.f0.-r0.f0.-d1.-r1.-d2.-r2.-f1.-r0.r1.d1.-r2.d1
443,-f0.-r1.-d1.-f1.-d1.f2.r0.-d0.r0.-f1.d2.f1.-d2.-r0.d2.-r0.-f2.f1.d2.-r0.-d1.-f2.d1
444,f0.d2.-d1.r0.-r1.-f1.r0.d0.-d2.f2.-r2.-d2.f2.f1.f2.d1.-f1.d0.r1.d2.-r0.f0.-d2.-r0
445,r2.r2.f2.-f0.-d2.-r1.f0.-d2.f0.-r0.-f0.-r0.-r0.f2.-d0.-f1.-d2.-f0.f1.d2.f2.f2.d0
446,-d2.f1.r2.-d2.f2.-d0.-f2.-d1.r0.f2.f2.r1.d2.r0.-f2.-r0.d2.-f1.d0.r0.-r2.f2
447,f1.-d2.f0.f0.r2.-r1.-f2.r0.-d2.-f2.-r1.-f1.r1.-d2.f1.-r1.-d0.-r2.-d2.-f2.r1.-f1.-f2
448,d2.r1.d2.f2.-d0.-r1.f0.-d2.-f0.-d2.f0.-r0.f0.f0.d2.-f0.d0.-r1.d0.f0.r1.-f0
449,-d0.-r1.-d0.f1.-d2.-f0.f2.d2.f0.d0.-d2.-r1.f2.d1.f2.-r0.-d1.r0.r0.-d2.f2.d2.r2
450,f1.-f2.-d1.-f1.r1.d2.-r2.d2.-r0.-f0.-d1.r1.-r2.d2.r2.d0.-r2.-d2.f2.-r0.-f1.d0
451,-f0.-d1.-f2.-r0.d1.-r1.d2.f1.-d1.r2.-d2.r2.f2.-f0.-f0.-d0.f0.d0.-r1.f0.r1.f0.-d0
452,-r2.f0.-r1.f0.-f2.d0.-r1.r2.-f0.d0.-f2.-r0.f0.r1.-f0.r1.f2.r2.-d2.-r1.f0.-r2
453,r0.-r2.-f2.-r1.d2.-d1.-f0.d2.-f2.-r2.d2.f1.-f2.-r0.d2.r0.f0.-r2.-r2.d1.r2.r2.d1
454,-d0.-f0.r0.-r1.f2.-r1.f1.r2.d1.r0.-f0.-r0.d0.-r0.-f0.-d0.f2.-r1.-r1.d0.r1.-d0
455,-r1.-d1.f0.r1.-f2.-d0.f2.-r0.f0.f0.r2.f1.r1.d1.-r0.-f1.-d0.f1.r0.-d1.f2.-d1.-d1
456,-r2.-r2.-f2.r0.d2.f1.f1.r0.d1.-f2.-f2.d0.-f0.r1.-f2.-d2.-f1.-d0.r1.-f2.-r1.-f1
457,-d0.r2.-d2.d1.-f0.-r2.-f2.-r2.-f2.-d1.d2.r2.d2.-f0.-r1.d0.f0.-r0.-r2.-f0.r1.f0.f0
458,f2.r1.-d1.f2.r2.d1.f2.-r2.-d1.d2.r0.-f2.d1.-r0.r2.-d0.r0.-f0.-r0.-d0.-r1.d0
459,d1.-r2.-d0.-f0.d2.r2.-r0.-f0.-f0.r0.-d1.-r2.f1.r0.d1.f1.-r0.d1.r0.f2.r0.-f0.f2
460,r1.d2.f0.-d0.-f2.-d2.-f0.r2.d0.f1.r0.-f1.d0.-d1.-f1.d0.-f1.d1.d1.-r0.-d2.-f2
461,-r2.d2.-d1.f1.-r2.d2.-r0.-f0.-r2.-f2.d2.r2.f2.-d0.f2.-r2.-f2.-r2.d0.r2.-d1.f2.-d2
462,-d2.-d2.-f0.-r1.-d0.-r0.r1.-f0.-r2.-d1.f1.f0.d1.f0.-d2.-d2.f2.r1.d1.-r1.r2.d0
463,-d0.-d0.f2.r1.f2.r2.d1.-f0.d0.f2.r0.d0.-r0.-d2.-d2.r1.d2.r2.-d2.-d2.-f0
464,-d2.-f2.d0.f2.-d1.f2.f2.-r0.f0.-f1.d1.-r0.f1.r2.d2.f1.d0.d0.-d1.-f1.-d2.r2
465,d0.-r2.d0.r2.f0.d1.-r1.d0.-r0.-f0.-d2.-r0.f0.d2.-r0.f2.-d2.-r2.f0.-d2.-f0.-d2.-f0
466,r2.-r0.-d0.f0.r1.-r2.f0.d0.-f2.r0.f1.-d1.-f0.r2.r2.d0.f2.d0.-r2.d0.-f2.-d1
467,d0.r1.-d0.r0.-d0.f1.-r2.d0.-r2.-f1.r1.f0.r2.f2.-d0.-r2.d0.r0.-d2.-f2.-d1.-r0.-f0
468,-r1.-d2.-r0.d0.f1.r1.f0.-r2.f2.-r0.f2.r0.-d1.-r2.d1.r0.-d1.-r0.f2.r2.-r0.-d2
469,-d1.-f1.r0.-f0.d0.f2.-r0.f2.r2.d2.-f0.-d2.f0.d2.-r2.d2.f0.r0.-f0.d0.d1.r0.-d0
470,f1.d0.-f1.-r1.-f0.-d2.f1.d2.r0.d2.-f1.-r2.-r2.-f2.r0.f0.d0.-f0.r0.-d0.-r0.f0
471,f0.d2.r0.f2.d2.-f2.d2.-f2.f0.-d2.r2.-f0.-d0.f0.-r0.-d0.f1.-r2.-f0.r1.f0.r2.r2
472,f0.f1.r1.-d1.-d1.r2.-d2.-r0.d0.-r1.d2.-f0.d0.f0.-d2.d1.r1.-f2.-d0.f2.r2.d0
473,r0.d2.f1.-d0.-f2.d2.-f2.-d2.d1.d1.-f0.-r2.d0.-r2.d0.f2.-d0.-f0.-r0.-r2.-d2.r0.-f0
474,-d2.r1.r1.-d1.-r1.f1.d1.r2.d0.-r2.-f0.d0.-f0.r1.d2.-r1.d2.f2.d2.f0.f2.-d0
475,d1.-f1.-d0.d1.-r2.d0.f2.r0.-d2.f2.-d1.r1.f2.f2.-r1.f0.f0.-d0.-r1.d0.-r2.-d0.r1
476,f2.-r1.d0.r2.-d2.d1.-f0.d0.-d2.f1.d2.r1.-d2.-r2.-d0.r2.-f0.r0.-d2.f2.-d0.-r2
477,r0.-d0.f0.r2.-f1.r2.-f0.-f0.r0.f0.-f2.-r1.-f2.-r0.-f1.-d0.-r0.d2.r1.r2.-r0.f0.r0
478,-f0.-f0.-d1.r2.-d1.-r0.d2.d2.-f0.-r2.-d2.f0.d0.r2.-d1.f1.d1.f2.r0.f0.-d2.-f1
479,-d2.-r1.f0.-f1.-r1.d1.-r0.-f2.-d1.d2.-r2.-r2.-d1.r2.d0.-f2.-d0.r1.-f0.-d0.f0.-r2.f0
480,f0.-r2.-d0.-f0.-d0.f2.-d1.r2.f2.r2.-f1.-r0.d1.-r2.-d1.-f0.r0.r1.-d1.-f0.d0.d1
481,-f0.d0.-r0.r1.-d1.-f2.r2.f2.-r1.-d2.-d0.-r1.-d0.-f2.r1.-f1.-d1.f1.r1.-d0.r2.f2.f2
482,-d1.r2.d0.-r2.-f1.r1.-d1.r0.f0.-d2.-f2.d0.f2.-r1.-d1.-r2.-f1.-r2.d1.r1.f2.r1
483,-d2.f0.-f2.-r2.-d1.r1.f0.-r1.-r0.-r1.d1.-f2.f0.r2.d0.r1.-d0.-r1.-r1.-f0.-r2.-d0.r2
484,-f2.d2.f0.d2.f2.d1.r1.d1.d0.f1.f2.f2.-r2.r1.-f2.-r1.d0.f2.-r1.-f1.-d2.r0
485,-f1.f2.-d0.-f2.-r0.-d2.f1.f2.-d2.-r2.-r2.f0.r2.d2.r2.r2.d2.d2.-r2.f1.-d0.f0.r0
486,r0.d0.f0.-r1.-f0.-d2.-f0.-r0.-d2.r1.-f1.-d1.-d1.-f0.-d0.r0.-f2.-d2.-r2.d2.-r1.d2
487,-r1.-f0.d2.r0.-f2.f0.-r2.d2.-r2.d2.f1.-r1.d1.f0.-r1.f2.-r1.-f2.r1.-d0.-f2.-r0.d2
488,d1.f2.-d0.r0.d2.-r1.-f0.-r1.-d2.f1.r2.-f0.-d2.-r2.-r2.-f1.d0.d2.-r2.-d1.r0.r2
489,-f0.-r2.d1.-r0.-d0.-r2.d2.f0.-d1.f0.d2.-r1.d1.-d0.r2.-f0.r1.-f0.-f1.-d1.-d1
490,-r0.f2.-r2.f2.d1.r1.d0.-f2.r0.-f0.r2.-d2.-f1.-r0.-f0.-r2.d2.-r0.-d2.d0
491,r2.-f2.d2.-f2.d1.r1.f1.-r1.d1.r1.-r2.f2.-d0.d2.-r0.d2.-f2.d2.f2.-d0.-f2.d2.-f0
492,-r2.-f0.-d0.-r1.d1.-d0.-f2.-d0.-f2.-d0.-d0.-f2.-r0.-d0.f0.d0.-f0.-r2.f1.f0.r0.-d0.-d0.r2
493,-r0.-f2.d2.-d0.-r1.-d2.r0.d0.f0.d1.-r0.-d1.f2.-f0.-r1.-d0.-r0.f1.-r2.-f1.r0.-f2.r2
494,d2.f2.r1.-r0.f0.d0.f1.-d1.-d1.r2.f2.-d2.r0.-d2.-f2.d0.f2.-d0.r2.d0.-f2.d1.-f2.-r0
495,-f2.-d2.-f0.-r0.-r2.f0.-r0.f0.-r2.f0.d0.-r2.-f2.-f2.d2.f2.-f1.-r1.-r0.f1.-d2.-r1.d2
496,d0.r1.f1.-d2.-r0.d0.-r0.f1.d0.-f0.d1.f1.-f0.-r0.f0.-d2.f0.f0.r0.-f0.-d0.f0.r0.f0
497,r1.-d1.-r2.f0.-d2.-r1.d1.-r1.-d2.r0.r0.d2.d2.r0.d0.r2.-d0.-f0.d2.-f0.-d0.r0.f0
498,d2.f2.r2.d2.-f0.d2.-r1.-f0.r2.-f2.r0.d2.r2.-d2.f2.d2.-f1.-r2.d2.r2.d2.r0
499,-r2.f0.-r1.d2.r1.f0.r2.-r1.-d2.-f2.-r1.f0.-f1.-d0.-f2.d0.-f2.-f2.d1.r0.-f2.f0.-d1
500,f1.r1.-f2.r2.-d2.-r1.f2.r2.-d2.r0.f0.d1.-r0.f0.-d0.-f0.d0.r0.f0.-d1.-r1.f2
501,f0.r2.-d0.-r1.d0.f0.-d2.r2.-f2.-d0.-r1.-r0.d1.-f2.-r1.-r2.f0.-d2.r2.-f2.-r1.f2.-r2
502,f0.-r1.-d0.r1.-f0.d2.-f0.f2.d1.-d2.r0.-f2.r0.-f0.r2.d2.f1.r2.-f1.-d2.-r2.d2.-r1.-f0
503,-d2.-d2.r0.-f0.r1.-r0.-d1.f2.d1.-f1.-r2.d0.-f0.r1.f0.-d0.d2.-r0.r2.-d0.f0.d0.r2
504,-r2.d2.-r1.f0.r0.-f2.r0.r0.-d1.-d1.d2.-f1.-d2.-r2.-f1.-f1.-f2.d2.-r1.r0.-d1.d2
505,-f1.r0.-d1.f2.-r1.f2.-d2.-r2.f2.-r2.f0.-f2.r2.f2.r0.-f1.-r2.r1.-d0.-r1.-r1.-r0.-d1
506,-r0.-d1.f1.d0.f1.r1.f1.-d2.r2.f2.-r1.d2.r1.-f2.-d0.-f0.r0.-d0.f2.-d2.r0.f0
507,r2.f2.r0.-d2.f0.d1.r2.-d2.f0.-r1.-d1.-f0.-d2.r2.f1.d2.-f1.-d2.-f1.f2.r2.-f0.-r0
508,-r0.-d1.f1.-d0.-f0.-r0.-d0.r0.-d2.r1.-f0.d0.d0.-r2.r0.-d2.r1.d2.-r0.-r0.-d0.r0.-d2.-d1
509,-r0.f1.-r0.-d0.r0.r0.-d2.-d2.-r1.f2.r1.-r2.d1.-r2.d0.r0.-d2.f0.r1.-f0.-r1.d2.-r0
510,d1.f0.d1.f0.r2.-f1.d2.r2.r0.f1.-d2.-f2.d2.f2.-f1.d0.f1.-r1.-r1.f2.-d1.-d0
511,-d0.r0.r0.-f1.-d0.-r2.f1.r1.f0.-f1.r2.-f2.d0.-r1.-r1.f1.r0.r0.f1.d2.d0.-r1.d0
512,-f2.-d0.f0.-r1.d1.-r0.-f0.-d1.r0.-f1.r1.f0.r2.r2.f2.-r2.f1.r2.-r0.-f1.-d0.-d0
513,d1.-r2.-f2.d2.r0.d0.-r2.-f1.-r1.d2.-r2.-d0.-r2.-d0.-d2.d1.-r0.-f0.r0.-d2.-r2.-d0.-d1
514,d0.f0.d0.f2.d0.-f0.f2.d2.r0.f0.d2.r2.f2.-d1.r2.-f2.-d2.f1.-d1.f1.-d0.-f1.-d2.d1
515,-f2.d0.r2.-f1.-r0.-d2.-d2.-f0.d1.-r2.d0.r1.-f2.r1.d2.f1.-d2.f1.-r1.-d0.r1.f0.-d2
516,d2.f0.r1.f2.-r0.-d0.d1.f2.d1.-f0.-r1.f1.f1.d1.d0.r1.d1.-r0.-f2.-r2.-r2.f1
517,d2.f0.r0.f1.r0.d0.-r1.-f0.-r1.f1.d0.-f2.f0.-r0.d1.d0.r2.-d0.r0.d0.r0.-d0.r2
518,-d2.r2.f0.-r2.f2.d2.-f1.-d0.f0.-r2.-d2.r2.-d0.-r1.-d0.-d0.-r1.d1.r2.r0.-d2.-r2
519,d2.r2.d1.f0.-d2.f2.d0.r2.d2.-f1.-r1.-f0.-r0.r1.f1.-r0.f0.r2.r0.-f1.r2.-d0.f1
520,-f1.-r1.-d2.f1.-r1.d0.f0.-d0.f0.-r0.d1.-f1.r2.-d0.r2.r0.d0.f1.-f0.d0.-f2.-d0.r2.-d0
521,-f2.d2.-r2.-f0.-r2.-d0.-r2.-f1.-d2.-f0.f2.-r2.-f1.d2.f2.-d2.-r2.d0.f1.d0.-f2.-f1.-f2
522,d1.-r1.d1.-f1.-r2.-d1.r0.f1.d0.f0.-d2.-f2.f0.r0.-f2.-r2.-f2.-r1.d1.r1.-d0.-d0
523,r0.-d1.f0.r0.-d1.d2.f2.f0.f2.r1.-d0.-r0.d1.-r1.-f1.r1.-f0.-r2.f0.d2.-f0.r1.-d1
524,r2.d2.-f1.d2.f0.-d0.r2.-f2.-r1.f1.d2.-r2.f0.-d1.-r2.d1.-r1.-f2.-r0.-d0.-d0.f0
525,d1.-f2.-d2.f0.-d2.-r1.-f0.r0.-f1.d2.f0.r2.-f2.-d0.-r1.d1.r1.d1.-d0.f1.-d0.-d0.f1
526,d1.-f1.d2.-f2.r1.-f2.d0.f1.d1.-d2.f0.-r1.r0.-f0.-r0.-r2.d1.d1.f0.-r1.-d2.d1.-f0.-d1
527,-r0.f1.d1.-d0.r2.f0.-d2.r1.f1.-r0.-d1.-r0.-r0.-d1.-f1.-d1.d2.f1.-r2.-f2.-d2.f2.d2
528,-f0.-r2.-d1.f2.r1.-d2.-f1.d1.d1.-f0.-d1.-r2.-f1.d1.-r0.d0.f0.-d2.-r1.-d1.-r0.d1.d0.f0
529,f2.-r0.d0.f1.-r0.-f2.-d2.-r2.-d0.-d0.r2.-f2.-d2.-f0.d2.f2.-r0.f0.r0.f1.r2.-f2.-f2
530,-r1.-d0.-f0.d2.-f1.-d2.-r0.-f1.-d2.-r2.-r1.-r2.d1.-f0.-d2.-r2.f1.-d1.-f1.-d0.-f1.-d1
531,d0.-f0.d1.r2.f2.d1.-r2.d1.-f1.f0.d1.f0.-r1.f0.r0.d1.-f0.-f0.d1.-r2.d2.-f1.d2
532,-d1.r2.f2.-r2.f0.r2.d1.-d0.f2.r2.-d2.-d1.f0.d1.-r1.d2.-r2.-r2.-d2.-r2.-f1.-f2.f0.r2
533,r1.d0.-d2.-r1.r0.-f2.-r0.f0.d0.-d1.f2.-d0.-f0.r2.-d0.r0.r0.-d0.r1.d0.-r0
534,-f1.d2.r0.f0.-d2.f0.-r1.f2.-r0.f1.d0.d0.r2.-f0.-f2.-d0.-r2.d0.-r0.-d2.-r0.-r1
535,-d1.-r2.d2.r2.-d0.-d0.-r2.f1.d0.-f2.d2.f0.-r2.d1.f0.r1.d1.-r2.-r2.-d0.-f0.d2.f1
536,f2.-f0.r2.-f1.r1.f2.-d2.f2.f1.r0.-r1.-d1.f1.-r2.d0.f2.d1.-r0.-d0.d1.-r1.f2
537,d1.-r0.-d1.f0.-f1.r2.-d2.f2.r0.d0.f2.r2.-f0.-r0.-f1.d0.d2.r2.-f2.d0.f1
538,d2.d2.-r1.-f2.d0.-f1.f0.-r0.-d2.-r0.-d2.f0.-d2.f0.f0.r2.d1.-r1.-d1.-f0.d1.-r1
539,r0.-d2.-r0.-f2.r1.-f1.-r1.-d1.-f2.-r1.d2.f0.-d2.f2.-r0.d0.-f2.-d0.-r1.r2.f2.d2.f2
540,f2.d2.-r0.f2.r2.f0.r1.-r0.f2.r1.-f0.-r2.d2.r0.r0.d0.-r0.d1.f1.r0.-d0.r2
541,f1.-r1.d2.f1.r0.f2.d0.f2.-d0.r0.-f1.-d1.f0.-f1.d1.-r2.f1.f0.-r0.-d0.r0.r2.f2
542,d0.f2.-r2.-r0.-f0.-r0.-d1.-r0.-d2.-r1.f2.-r1.d0.f0.-d1.-r0.-d0.-d0.d1.-r2.d2.f2
543,-f1.-r0.f2.d0.-d2.f0.-f2.d1.-r2.d1.-r1.f1.r0.d2.r1.d1.d0.-f2.f1.d0.f2.-d0.-r0
544,d1.f0.-f2.-r0.r2.-f2.d1.-r2.r0.d0.f0.r2.f0.-d0.-f1.d0.-d1.r0.f0.-r1.-f0.-r2
545,-f0.d0.-r2.-r2.-f1.-r0.-f2.d1.f1.-d2.r1.f2.-d2.-f2.r0.d2.-f0.d0.-r1.r2.-r0.-f2.f0
546,-r0.d0.-r2.r1.f1.-r2.f1.d0.-d1.-r2.r1.d2.-r2.-f1.r1.f2.d2.f1.-f0.-d2.f0.-r2
547,-d2.-r2.-f1.-r2.f0.d1.-f2.-d0.r2.-d1.r2.-d1.f0.-d2.-f1.r0.d0.-r2.d1.-f1.-f0.-f0.-d1
548,-f1.d0.f2.-d2.-d2.r0.-f0.-r0.f0.f2.d0.r1.-f2.-r2.d2.f2.d1.d1.f0.r0.d0.-r0
549,f2.-d0.-d0.-f2.d1.-r2.-f0.r1.d1.f2.-f1.-d0.-d0.r2.-d0.-d0.r1.r0.-d1.-r0.f1.d1.r2
550,-f2.r1.-r0.-d1.-f0.f1.-r2.f0.r2.-d2.f0.r0.-d0.-r0.-f0.-r1.-f1.r0.f0.d2.f2.d1
551,-d0.-r1.-f0.-r1.-f2.d2.r2.-f2.r2.d2.-r1.d1.r2.d2.-f0.d1.f0.r2.d0.-r2.-f1.-f2.d2
552,f0.d2.f1.d1.r2.-d2.f2.r1.r2.f0.-d1.f0.-r0.d2.f1.-d2.d0.-f1.-d1.r2.d1.f1
553,d0.d0.-f2.r0.d2.-f2.-f0.-f0.r0.d1.r1.r2.-d2.-f0.d0.-f1.-d1.-r1.-f2.d2.f2
554,-r2.d2.f0.d0.f1.d2.f2.-d1.r0.-r2.-d1.-d1.f2.r0.-d2.r1.d2.-r0.-r1.-f1.f0.r2
555,-r2.-d1.-r1.d0.f2.-r2.-d2.-r2.-f1.d1.-f1.d1.-f2.-d1.-d1.-r0.-f1.-d1.-r0
556,-f0.-d1.d2.f2.-r1.-f2.-d2.r2.d0.f1.-r1.-f0.-r1.-d1.r1.-r0.-f2.-r0.-r0.f0.-r0.-f1
557,r2.-d2.-r1.-f1.d0.-r2.-d0.-r2.f2.d0.-f2.-f2.d2.-d1.-f0.r0.f1.-d2.-f2.d2.-f1.f2.d2
558,-d2.r1.d0.-r2.-f2.-f2.r0.-f2.d2.r0.d0.-f0.-d2.-r0.f0.f2.-d2.-f2.-r2.-f1.-r1.f0
559,-f1.f0.r2.f0.-r0.-d1.r2.-f1.r2.d1.-f1.-d2.-f1.d0.d0.f1.-r2.-f0.-f1.d2.r2.-f0.-d1
560,-f0.-r2.-d2.r1.-f0.-r2.-d0.-f2.-f2.-d1.r2.d0.-r1.-r1.-d0.-r0.-d1.f0.r0.d0.r0.-d0
561,d0.f2.d2.-f1.-f1.-d1.-r2.-r2.f1.d0.-r2.d1.-f1.-r0.f1.d2.r2.d2.-r2.-d2.-d1.f2.-d0
562,-f2.-r0.-d0.d2.f0.-r1.-f2.-r0.-f0.-r1.r0.r2.-f0.-d2.r1.-f0.-d0.r0.d0.f0.-d2.d1.-r1.d2
563,d0.-f0.-r1.d1.-d2.r0.-f2.-d1.-r0.d0.-f0.-d2.-f2.-f1.d2.-f0.r0.-d1.-r0.-r0.-d2.f2.d1
564,f0.-r2.d2.r2.f0.r0.-d2.-r1.f1.-d1.-f2.-d2.-r1.d0.-d1.-d2.-f2.r1.-r0.-f0.-r1.f0
565,-f2.d0.-r1.r2.d0.-f2.r0.d0.-r0.-r0.-d2.r1.f1.r1.-d0.-f1.d2.r0.-d2.-r1.-f2
566,r2.-r1.-d2.-r0.-f1.-d0.d2.-f1.-d2.-f2.-d1.r2.f1.r1.d1.-f2.r0.-d1.r1.-f2.-f0.-f0
567,-f1.-r0.-r0.-d2.-d1.r0.r0.-f1.r2.f0.r2.f2.-r1.f2.-r2.-f1.-r0.f1.r2.f2.-r2.-r2.-f0
568,-d2.-r0.f1.-r1.f2.-r2.f0.d1.r2.d2.-f2.-r1.-f1.-d0.-f1.r1.f0.d1.-f1.d0.d2.-f2
569,r2.f0.-d2.-r2.-d0.d2.f0.-r0.-f0.-r0.-d2.f2.r0.f0.-r1.-f1.-r2.f2.r2.-f0.-d0.f2.-f1
570,-f0.-d0.-f2.r1.f0.r0.-f0.-d1.r0.-f0.r0.-f2.-r1.d1.-f2.-d1.f1.d1.-r2.-f1.-r2.r1
571,f2.d0.f1.-r1.d1.f1.d0.r2.d0.-r2.-f2.-r1.-f1.d2.-f0.-d1.-d0.r2.d0.r2.-d0.d1.-f0
572,d1.d2.-f0.-r1.f2.r2.d2.-r1.-f1.-r0.r2.-f2.-d2.f0.-r2.f1.-f0.-r2.-r0.f0.-r0.-f0
573,-r2.f2.d0.f2.d2.r1.-d0.r1.-d1.-r0.d1.r1.-r0.-d2.f2.r1.f2.r2.r0.d1.d2.f1.f2
574,r2.f0.d2.-r2.f0.-r2.d2.-r1.d2.r2.-r1.-d2.-f1.-d1.-f0.d2.r2.f1.d1.-f0.-d1.-f1.-r2.-d2
575,-d0.-d0.-r1.f1.r2.f1.-r2.-d2.-r0.f0.r2.f2.-f0.-d2.f0.-r0.-f1.r0.-f2.-d2.f2.-r0.-f0
576,f2.-d0.r2.f1.-r1.f1.d0.-f2.d0.f2.-d0.f0.-d0.r0.r0.-d0.-r0.f2.-d2.f2.-f1.-d0
577,d1.r0.f1.-d0.-f2.r0.f2.-d1.-f0.r0.d0.f2.-r0.-f1.f0.-r2.-r2.-d2.-r2.-r2.f2.-f0.r2
578,-d2.f2.-d1.-f2.-d1.-d1.-d2.f2.r2.f0.-r2.f2.r1.-d2.-r2.-f1.-d2.-d2.f2.-d2.f2.r0
579,-f1.r0.f1.-f0.r2.f0.-d2.r2.d2.-r0.d2.f1.-r1.-d1.-r2.-r2.d1.-f2.r1.d1.-r0
580,f2.-f1.r2.-f2.d2.f2.-d0.f1.d1.-f0.-r1.-d0.-r2.-f2.-d2.-r2.d2.-d1.f1.-d0.r2.-f1
581,-f0.-r2.f2.-r2.-d0.r0.-r2.d1.-r1.-d0.f2.d0.-r0.d0.f1.d1.-f0.d0.f1.d1.f1.-f2.r1
582,f1.r1.-f1.-r2.-f2.f0.d0.f1.-d2.-f2.r2.-d1.-f2.-d0.d2.r1.f1.r0.-f1.-r2.f0.d1
583,d2.-r0.r2.-f2.-r0.d0.-f2.-r1.-f0.-d1.r0.d2.d2.f0.-d2.f0.-f1.d1.-d2.r0.d2
584,d0.-r0.-f0.-r0.r2.f0.r1.-r0.-d2.r0.-f0.-d1.-r0.r1.-f1.r0.f0.f1.-r1.f2.r0.f1
585,r2.-f1.-r2.-f1.-d2.-r2.f2.-r2.d2.-r2.-d0.f2.-r1.-d1.d0.-f2.f1.-d1.r2.d1.-d0.-f0.d2
586,d2.r0.-d2.-r2.r0.d0.f2.-d2.r2.-d0.-r0.-d0.-d0.d2.-f0.-r0.-r0.-f2.f1.d0.-f1.d2
587,-d1.f2.-r2.-f2.-d1.-r2.-d1.-f0.-r1.-d1.-r0.-d1.f1.-r0.-d2.r0.-f2.-r0.-f1.-r1.f1.-f2.f0
588,-d0.r1.d2.f0.-r0.f1.r1.d2.r0.-d1.f2.-d0.d1.-r1.-d2.-f2.-r0.-d0.-f1.r0.-d2.-f1
589,f2.d2.-r0.-f0.d0.-f0.f1.r0.-f0.r2.-d2.-f0.-f2.-d0.-d1.-r0.-d0.-r2.-f0.-r1.-f1.r1.f0
590,f1.-d1.-f2.-d1.f0.d2.-f2.r0.-d0.-f0.r2.f1.-d0.-r2.-f2.r1.-f2.-d1.-f0.-d1.-f2.f0
591,d0.-f2.d2.-r0.-d1.f0.r2.r2.-f1.d1.-r1.f0.-d1.-d1.f2.-d1.-f0.-d2.-r1.d2.-f0.-r1.-r0
592,-r0.-d2.r1.-r2.-d0.-r2.-f1.f0.-d0.-r2.r1.r0.d0.-f2.-d2.r0.-d1.r0.f1.r1.f0.-f1.-r0.d2
593,-d0.-f2.-f2.d0.f2.-d2.-r1.-f1.r0.f1.r0.-r2.f0.r1.d2.f1.d1.-r2.d2.r1.d1.-r1.r0
594,f0.-d1.-d1.-f0.d1.-r0.-f0.-f0.-d1.-f1.r1.-r2.d2.r0.-f2.-r0.f2.-r1.f2.-r2.-d1.f2
595,f2.d1.r0.f0.-f1.d1.-f1.-r2.-d1.-r0.d2.-f2.r0.-f0.f1.d2.f2.-r2.d0.r2.-d2.d1.-f0
596,-r1.-f2.d0.f2.d1.-f0.-r0.d0.-r0.-d2.-r0.-d0.r2.-f2.r2.d0.r1.-d2.r2.d2.-f2.-r2
597,f2.d0.f2.-r2.d0.-r0.-f0.-f0.d2.d1.-f0.-r2.d0.r2.r1.f0.-r0.f1.r0.f2.d1.-r2.-f0
598,d0.r0.d1.-f2.-d0.r1.d2.-r0.-r0.f0.-r2.f0.d0.-f1.d1.f1.r1.-d0.d1.f1.d0.d0.-f1.-d1
599,-r0.f1.d0.f0.d0.f2.-d1.d0.-r2.d0.d0.-f0.r2.-r0.-f2.-r2.-r2.-d1.r2.r0.-f1.-r1.d2
600,-d2.d0.-r2.r0.-f2.d0.-f1.-r1.f2.-d1.-f2.r2.f1.f1.-r0.-r0.f1.-d2.r2.-f0
601,d1.r2.d2.-r0.-r0.-d0.f0.r1.-d0.r0.-f2.d0.-f2.d2.-r0.d0.f2.d1.-f1.-f0.r1.-f2.r2
602,-f1.r1.f1.-d0.d2.f2.d1.-r1.r0.f2.-r0.f2.d0.d0.-f2.-f2.f1.-d1.r2.f0.-r2.-d2
603,-f2.d0.f1.d1.-r0.f2.r0.f2.-r0.d1.-r0.-d2.-r2.-f1.-d1.-d1.r1.f2.r2.f0.-r2.-f1.-d1
604,d1.f1.d2.f2.r2.d2.r2.f0.-d2.r2.-f2.d1.-r2.r1.f1.-d1.r1.d2.r1.f2.f2.d1.-f1.-d1
605,-r2.f1.d2.-d1.-f2.d0.-f0.r1.-d0.r2.-r1.-d0.r1.-f0.-f2.-d1.-r1.d0.r1.d2.-f0.-f1.-d0
606,f2.d0.-f0.r2.d1.d1.-f1.-r0.r1.d1.f0.d1.d0.-r1.d2.-f2.r1.d0.-r1.d0.f0.-f1
607,-r1.-f0.d1.f1.-r0.r1.d2.r0.-d0.d1.r0.f1.-r0.d2.f2.d2.d2.r2.d1.-r2.-f2.-f2.-d1
608,f1.-f2.r0.f2.r0.-r2.d0.f2.r2.f0.r0.d2.-f2.r0.d2.-r2.f1.r1.d2.-r1.f0.r2
609,-r0.f2.-d2.d0.r0.-f2.-d2.f2.-f0.-d0.-r1.f1.-r2.f1.d1.f0.-r2.-f0.d0.-d1.-r1.f0.r1
610,-d2.f2.-r2.-f2.d0.f0.d0.r0.-f1.-d0.-f1.-d1.d2.-f2.-d1.r0.f2.d2.f0.-r2.d1.d0
611,f2.d2.f1.-f0.d0.f0.-f2.f1.-d2.f1.r2.-r1.-f1.f0.-r1.d2.r2.-d2.f1.r1.d2.-f2.-r1
612,d2.-f2.d2.-r0.f1.-d2.-f2.-d0.-r0.-f0.-d2.-r1.f0.f0.r1.-r0.d1.-f2.-d1.-r0.-r0.f2
613,f0.d2.-d0.-f0.-r0.-d1.f1.-d0.d2.-r0.d1.-r0.d2.r1.-f2.r0.f0.-d2.-f0.-r0.f0.d2.r0
614,d2.-f0.-r1.-f2.d1.-f0.-d0.-r1.r2.d2.-d0.-r2.-f0.-r2.f1.r2.d0.r1.d1.d0.-r1.-r1
615,d0.f1.d2.-r0.d2.-f0.-r2.f0.-d0.f2.r1.-f1.-d1.-r2.-f2.-d0.f2.d0.-f0.r1.f0.r2.f2
616,-d0.-d2.r0.-f2.-r2.-d0.-f2.-r0.-d0.-f1.-d1.-f1.r2.d1.f0.d0.-f0.-r1.-r2.-f1.-r2.-f0
617,r2.-d1.-f2.d1.r0.f1.-d0.-f2.d2.f0.-d1.-d1.-f2.d0.d1.f2.r2.f0.r2.-f1.-r1.d2.r1
618,r1.-d1.-f0.d2.-f0.-r0.d0.-f1.d2.-d0.-r2.-f0.-r1.-d2.d1.-d2.r2.f2.-r2.f1.-r2.-d0.r0.-f2
619,-d0.-f2.-d1.-r0.r2.-d0.r0.-d1.f1.d2.-f0.-d2.f0.-r2.-d2.f0.-r0.-r0.d0.-r1.r0
620,f0.d1.-f2.-r1.-f0.-r0.f2.d0.d2.d0.r0.-f1.-d0.-r2.-d0.-f2.d0.r2.d0.-r0.-d0.f1
621,-r0.-d2.-f2.-d1.-f2.-d0.f2.-d0.-f1.d2.-r2.-d1.r0.f2.-d2.-f2.d0.f2.d2.r2.f1.f2.f2
622,-f1.-d1.r2.r2.-d2.r0.-f2.-d2.-r0.-f2.-d1.-r1.r2.d0.-f1.-r0.f2.-d1.-f2.-d0.r2.r2.-d2.r1
623,d1.-f2.-f2.r0.f2.d0.-r1.-f0.d0.-f1.-r2.-d2.r0.-r1.d1.-r0.-d1.r0.d2.d2.f0.-d2.-d1
624,-d1.f1.-r2.d2.-r2.-r2.-f2.d2.f1.r2.-f0.d2.-r2.f2.-r2.d0.-r0.d0.r0.r2.-f2.d1
625,f1.r1.r0.f1.r1.-f1.-d0.r2.-f1.r0.-d2.r0.-d2.f2.f2.-d0.f0.d0.-f0.d2.f0.-f2.d2
626,r2.-f2.-d0.f1.-d2.-r0.-d1.r0.-d1.-d2.-d1.-r1.-d2.-r2.-f0.-f0.-r2.-f0.-d2.f0.f1.f1
627,-d2.f1.-r0.f0.r2.-f1.d0.-f2.d1.-r1.-d0.-r0.f2.d2.r2.d1.-r2.-d2.-f0.-d1.-r2.-r1.d2
628,f1.-f2.-d2.d0.r2.-d2.-r1.-f0.-r2.-d0.-f2.d0.f0.-r2.r1.-d1.-r1.d1.-d2.-r1.-f1.d0.d2.-d1
629,-r1.r2.-d2.d1.f1.r0.-d0.-f2.-r1.-f0.-f0.-r0.-f0.-d1.f2.-f0.d2.f0.-f2.d2.d1.r2.d2
630,-f0.d2.d0.-f0.r0.-f0.d2.f0.-f1.d2.f2.d1.f0.-d1.r1.d0.r0.f1.d2.f1.f1.r0
631,-f0.r0.-r2.f2.-r2.r0.f1.-f0.-d2.-f2.-r2.d1.f0.r2.d0.-f0.-r2.d0.f2.d2.-d0.f2.-r0
632,-r2.-d2.-r2.r0.-d1.f2.d0.f1.-r0.f0.-r1.f1.-r2.-d0.-f0.d1.f0.d0.-r2.-f2.-d0.f2.d0.r2
633,f1.-d2.-r2.f0.f0.r1.-d2.-f1.-d2.-d2.-r1.r2.-f0.f2.-d2.-f2.d1.d0.f2.-r0.-f2.-f2.-d1
634,f2.-d0.-r0.-d2.f2.-f1.d2.r0.-r1.f0.d0.f1.-r0.-d1.r0.-r1.-f1.r1.f2.r0.-f2.-r0
635,-r2.f2.r2.d1.-r0.-d2.-r0.d0.r1.f1.r1.-r0.-f0.-d0.r0.-f2.-r0.-d0.-f0.-d1.-r1.f0.r1
636,-f2.-d2.f2.-d1.f2.-r2.f0.d0.-f1.-r1.-f2.f1.r0.-f2.r1.d2.-f2.-r1.-f1.-d1.-d0.-r0
637,-d2.-f1.-r0.-f0.f1.r1.f2.d2.r1.-r0.d2.-f1.r1.-f1.d1.-f2.d1.-f0.r1.-r0.d1
638,d0.-r0.-d2.-f0.-d0.f1.r1.-f2.r0.d0.-r1.-f0.-d0.-d1.-f2.-r1.-f1.-d2.f1.r1.f2.-r1.r0.-d1
639,f2.-r1.-d1.f1.r1.d0.r0.d0.f2.-r1.-d0.-r0.r1.-f2.-r0.-d0.f2.d0.r2.-d0.f1.-r0.r2
640,f2.-d0.-d0.f0.-r1.d1.-f0.r1.f0.-r2.f0.f0.-d0.-f0.-d2.f0.-d2.-r2.d0.f2.d2.-d0
641,-f2.-d2.r1.f0.-r0.-d0.-f0.-r2.f0.-d0.d2.f2.r1.d2.d2.r1.-f2.r0.d0.-r0.-f1.-r2.r0
642,-f2.-r2.-d1.-f2.-d1.f2.-d2.-r2.f0.d2.-r0.f2.-r1.f0.-d1.f0.r1.f2.r1.-f2.r2.-d0
643,-f1.r2.r2.f0.d1.r0.-f2.-d0.f2.r0.-d0.-f0.-f0.-d0.-f1.-f2.d1.-r1.-d1.r2.-d0.-r2.f0
644,-r2.f0.d2.r2.f2.-r0.-f0.d2.f2.d0.r2.-d0.r1.d2.r2.d0.f1.-r1.-d0.-f2.-r2.r1
645,-f0.r0.-d1.-f1.-r2.f0.-f2.d0.-r0.-d1.r2.f0.d0.f1.d0.-f1.d0.f1.r1.d0.r0.f2.r0
646,r1.-f2.d2.-r2.d1.f1.d0.-f0.r1.-r2.f0.-r2.-f0.-d2.f2.f2.-d0.-d1.-r1.d2.r2.r2.-d2.r0
647,-r1.-d2.-r0.d2.d2.r0.-d1.-f0.d0.f2.-d1.-r0.f1.-r0.-d2.d1.f1.-d1.-f1.d0.r1.-f1.-r1
648,f1.r0.-f2.-d1.f1.r0.d1.-f1.-f1.-d2.-f0.-r2.-r2.d0.r2.-d0.r2.f1.r0.-d0.-f0.d0.f0.f0
649,-f0.-r2.-r2.-d0.-d0.f0.-d2.-f0.d2.f0.d2.d0.f0.-r2.-f1.-r0.-d1.f1.-r1.d1.r0.f1.f0
650,d1.r2.-f2.-d0.-f1.-r1.r0.f2.-f1.-r2.-f0.d2.r1.f2.r1.d2.r1.-f2.r1.-d1.-r2.-f1
651,r0.d0.f2.d0.f0.f0.r2.-f0.-d0.-r1.-f0.d0.r0.d0.d0.-r0.-d2.r2.f0.f0.r0.f0.d0
652,-f1.d1.f2.-r0.f2.r0.f0.-d1.-r0.f0.-r2.-d1.-r2.d0.-r0.-d2.f1.f0.-r2.-d2.f0.d0
653,-d0.f0.-d1.f1.-d0.r0.-f2.r0.-d0.f0.d2.f1.-f2.-r1.f2.-r2.r0.-d0.-r0.d0.-r0.-f2.f0
654,-f1.-f1.d0.f2.-d1.-r2.r0.f1.-d0.-f2.-r1.f0.r1.-r2.-d0.-f2.-d1.f0.d1.r1.d0.f0
655,r0.-f0.d2.-r2.d0.-f0.-d1.-r2.r1.d0.r2.-f1.-d2.f1.d2.f0.-d1.r1.d0.r1.d1.f1.-f2
656,-f1.-d0.-f0.d0.f1.f1.d0.r0.d2.-r1.f1.-r2.d2.r0.d1.r1.-d1.-r1.d0.r1.d0.d0.-f2.-d1
657,f1.-d2.-r0.-f0.r2.-r0.-d1.-f1.-d0.-f2.d1.-r0.-d2.r0.f1.-r1.-d0.f1.d0.r1.f1.-r1.d0
658,-r2.-d1.-f2.-f2.r1.f2.r2.f2.d0.f0.-r0.f2.-r2.-d0.-r0.d1.r0.d0.-r1.-d2.r2.-f0
659,-d0.r1.-f2.-d2.-f2.f0.-r2.-f2.r2.d0.d2.-f2.-d2.-r1.-d1.-f0.-d2.-r1.f2.r1.f0.r2.f0
660,r0.d0.-r2.f2.d0.-d2.-f2.r0.f1.-r1.-f0.r2.f0.-r2.-f2.r2.-r1.d2.d0.-f2.d1.r0.f1.f0
661,f1.-r1.d2.r2.-d0.r0.d0.f0.d2.r1.d1.-r2.-d0.r2.-d0.-r1.f0.-r0.-f0.d0.d1
662,-r2.-d2.f0.-d1.r1.-r0.-d2.-r2.f0.d2.d2.-r2.-d1.d2.-f1.d2.d2.r2.-d1.-d0.f0.-r1
663,-f2.-r0.-d2.-f2.d1.r1.d0.f1.-r1.d0.f1.d0.-f2.-d1.-f2.-r1.-f1.-r0.-f1.r0.r1.d2.-d1
664,r2.-f0.-d2.-f2.-f2.-d0.-f0.-d2.-f1.d2.r1.f0.-r0.r2.-f2.-f2.r1.-d1.-r1.f1.d2.r1
665,f1.r0.-d1.-r2.f0.-d0.f0.-d0.f0.r1.-r0.d2.f0.-r0.f0.-r1.-f2.r1.d1.f1.-r1.-f1.-f0
666,r2.f0.-r2.-r2.-d0.-f0.r2.f1.-d2.-f2.f1.-d2.-r2.-d0.-r1.-d0.r1.-d2.r2.d1.d1.-d0
667,d1.-f0.r2.f2.d2.f0.-f1.d0.f2.f0.d0.f0.-r2.f0.-d2.f0.-r1.d2.-f0.r0.r0.d0.r1
668,f2.-d2.f2.r0.-d0.-r2.-r2.-d2.-d0.-d0.f2.-r2.-f1.-f1.-r1.d1.-r1.-d1.-r2.f2.r2.f2.-r2.-f2
669,-r2.d0.-r0.r2.f2.-f1.-r1.f0.-f1.d2.r0.-f1.-d0.-f0.-d1.r1.f0.f2.r1.-f2.f0
670,-r0.-d1.f0.d2.-r0.-f0.d1.f2.r1.r1.-d0.-f2.-r1.d1.f0.-r1.f1.d0.-f2.d1.-f1.d1
671,r2.-d1.r1.f2.-r0.-f0.f2.d0.r2.-f2.d1.r0.d2.r2.d0.d1.-r2.-d1.r1.d1.-r0.-f1.r2
672,r1.f0.d0.-f0.-r2.-f2.-d0.f2.-d0.-r2.-f2.r2.-f1.r1.-f2.d1.-d2.-f1.-d2.r1.d2.-f1
673,d2.-r1.-d2.-r1.-f1.-f0.r0.-d2.-r0.-d0.-d0.r2.-f2.r2.r2.-d2.d0.-d2.f0.d2.-f0.d2.-d1
674,d0.f2.-f1.-r1.-d2.-f2.-r2.-d0.f2.r0.-d1.f0.d1.f2.d2.-f0.r2.d0.-f0.d2
675,-r0.-d1.-r1.f1.r2.d0.-d2.-r2.-d0.r0.-f2.f1.-d2.-f1.-d1.f2.d1.-f1.-d0.-f2.d1.f0.f2
676,-f2.r1.-r2.-f2.f0.d2.r2.f0.f2.-d0.-f0.-r2.-r1.f2.r2.-r0.-f1.-d0.-r0.f1.d0.r0
677,r1.-d0.-f0.-d0.f0.-r0.d0.f1.-d1.r2.f1.-r0.-d0.f0.d1.-r1.-d1.d0.r1.-d0.-r0.d1.d1
678,-f1.r1.d1.-r0.d2.-f2.-r2.d0.-f2.d0.f0.-r0.d2.-r2.f1.r2.f2.-d2.-f2.r2.f1.-d0
679,f0.-r2.d1.-f1.-f0.-d1.f2.-f1.-r1.-d1.r0.d2.-f2.r0.-r2.f2.-r1.f2.d1.-f2.r1
680,-d1.f0.-r0.-f2.-r2.-f1.-r2.d2.-r0.d1.-r1.f2.-r2.f0.-r2.-f0.-r1.d0.r1.r1.d0.-f1.-d0.r0
681,-r2.-d2.-r2.d0.-f2.-d2.-f0.d1.d0.r1.f0.r0.f2.d1.-r0.f1.-f2.r2.r2.f2.d2
682,-d2.f0.d1.r1.-d0.f0.-d0.-d0.r2.d2.-r1.d0.-d2.r0.f0.r1.-f0.d2.-r1.-d2.r0.-d2.r1.d2
683,d2.r0.-f2.r0.-f0.-r0.-d2.-f0.r1.f2.r1.d0.r0.-d0.-f2.r1.-d0.-r1.-d0.-r2.d0.f2.d2
684,-r2.d0.r2.d0.r0.f0.d2.-r0.-d2.-r0.-f2.d1.d1.-r2.-d1.r1.-f1.-r1.f2.r1.f2.d0
685,-d0.-r0.d2.f2.-r1.d2.f2.f2.r0.-f2.f1.-d0.r0.-f2.d2.-r1.-d2.-d1.-r0.f1.d2.-f0.-r0
686,-r0.d1.r2.-d2.-r0.d0.-r0.f2.-d2.r1.-f1.-d1.f0.r1.f2.d1.-f2.f0.-r1.-f0.-d0.-r0.f0.-r1
687,r0.-d1.-d1.r2.-f2.-r1.d0.r2.-d2.f2.-r2.-r2.f1.r1.f1.-r1.-d2.r1.-d0.-d1.-f1
688,r0.d2.f2.r2.-d0.-f2.-r0.-d0.-f2.-r1.-d0.-r2.f0.-f2.d0.-f1.-d0.-f1.-d0.f2.r2.-f2
689,r1.d0.d0.r2.d1.-r0.d0.-f0.-d0.-f0.r0.d0.r2.-f0.-f1.d2.-f0.d0.-r1.-r2.-f0.-r0.r1
690,-d0.-r1.-f0.-d0.-d0.-r2.-f1.-d1.-r2.f2.d1.d2.-r0.-d1.-r0.-d0.r0.d1.r0.-f0.d1.-r0
691,r1.d1.-d0.f1.r2.-d2.-f0.d0.f0.r0.-d0.r0.d2.-r1.-f2.-r1.-f0.-d2.-d2.f0.r1.f1.r0
692,-d1.-f0.d0.-r0.d0.-r0.r1.-f1.d1.f0.d0.r2.d1.-r2.r0.d1.f2.r0.-f2.-r2.d0.-f1
693,-r0.r2.d1.r2.d0.-f2.-r0.-d1.f0.d0.-r1.f1.f1.-r0.-r2.d0.-f1.-r2.-f2.r2.r2.f0.f2
694,r1.-f2.r1.-d0.-f0.-r0.r1.-f0.d2.-f2.f1.-d1.-r0.-d1.-f2.r0.d0.-r0.-f1.r0.f1.-d2.-d2.-f0
695,-f1.d0.r0.d2.-f0.-d2.-r0.f0.-r2.f1.-d2.-r0.-d0.-r1.f2.d1.-r1.d2.-r0.-r0.-d2.r1.d2
696,f1.-r0.d1.-f2.-f2.-r2.d2.f0.-r1.f1.r0.-r2.d0.d2.-f2.d2.r1.-d2.r0.d1.r1.f2
697,-r2.-f0.-r0.r1.f1.-r0.-f2.r1.-f1.-r2.f0.-d2.f1.r1.d2.r0.-f2.-r0.-d2.-r0.-r0.f1.-f2
698,r1.-d1.f2.d0.-r2.f2.-f0.d2.-f1.d2.-f2.-r2.d2.f1.-f2.-d1.-r2.d1.-f1.r2.-d2.r1.d0.d2
699,-d2.-f2.r2.d1.-f0.-d2.f2.-f1.d2.-r1.d0.d0.-r1.f2.r2.-d2.-r2.-d2.-f1.d2.r2
700,-f0.-f0.r0.-f1.d2.-d1.-r0.f2.-d0.f2.r2.-d0.r2.-f0.-r1.-d1.-r1.-d0.-r0.d1.d0.-r2
701,-d2.r2.-d0.r1.f0.-d2.-r2.d2.r0.r0.r1.-d1.f0.d0.r2.f2.d1.f2.d1.f1.d1
702,-f0.-d2.-f0.-d2.-d2.-r2.-f0.r0.-d2.r1.d0.f1.r1.-f0.r2.f2.d2.-f0.-r1.f0.r0.-f2
703,-r2.f2.r1.-f1.f2.d1.f0.-d2.d1.f2.-d2.-f2.r1.-d2.r0.f2.r2.f1.-r2.d0.f1
704,-r2.d2.f1.r2.-d2.f0.-r1.-d1.r2.-f0.-f0.r2.d2.-r2.-d0.f1.-f2.r1.f2.r0.r2.-d0
705,r1.f0.r0.r0.d2.f1.-d0.d1.-f0.-d0.f1.d2.f2.-d0.r2.d2.f1.-d2.r2.-f0.r2.f1.f0
706,f2.d2.-d1.r0.f1.r0.-r2.-d2.-r2.d0.-f0.-d2.r1.f0.d1.f1.d2.-f2.d1.r1.-f1.r0.f1.d1
707,d0.f1.-d1.-f2.-d1.r2.-r0.-f2.r2.d0.-r2.-f0.r0.-f0.r1.-d1.r0.-r1.-f0.r2.f0.-r1.-r1
708,-d2.-r2.f2.-r2.-f1.-d2.f0.-r0.-f0.-r2.-d0.r0.r1.-d2.r1.-d0.r1.d0.f1.r0.-d2.-r0.-f1.-f0
709,r1.d2.r2.d1.-r1.f0.r2.d2.r0.-f0.-r0.d2.-f2.d0.-f2.r1.-d1.r0.-f2.r2.f2.-d1.-f1
710,-f1.d1.r2.d1.d1.r2.-f2.-r0.-d0.d2.f0.-f2.d2.-f1.-r0.r1.d2.-f0.-r2.d0.r2.-f0
711,d2.r2.-r0.d2.-d1.f0.-r1.d1.-f2.-r2.-r2.d0.r2.f2.-r2.d1.-f0.-d1.d2.r1.-d1.-r1.-d0
712,r2.f0.d2.f1.d2.f0.-d0.r1.-d1.f2.-r2.-d2.-r1.d2.f2.d1.f0.-f1.-d1.f1.-d1.-d1
713,-d2.-r1.r2.-d0.-r0.r1.-f2.-r0.-d0.-f2.d0.d2.f0.r1.f2.d1.-f0.-f0.r1.f2.r1
714,r1.-d0.f0.-r0.d1.-f0.d1.r0.-d2.-r2.-d2.r2.-d0.r0.-f2.-d1.-f1.-d1.-d2.-f1.r1.f1
715,d1.-f0.-r2.-d0.-r0.-f2.-r2.r0.r1.f1.d0.f1.-d0.f0.-d0.d2.r0.d2.-f0.d0.-f0
716,-f0.f2.-r2.d0.-d1.-f0.-d0.r0.-f0.-d1.r1.-d0.f1.-f0.d2.r1.f2.-r1.-d2.f0.r1.-r0
717,-r1.-d0.f1.d1.d0.f0.-r0.d2.f0.r1.f2.-d2.f1.-d1.-f2.d0.-f0.d2.f0.-d0.-f0.-r1.r2
718,-d0.r2.-r1.-d1.f0.d2.-d1.r1.-f0.d0.d0.r0.-d0.r2.d1.f2.r2.-d2.-r2.-f1.-r1.-f0
719,r0.d2.r2.f1.-r2.-d2.f2.-r2.-d2.-d2.-d0.-r2.-r2.-f0.-r2.-r2.f2.-r0.-d2.r0.-f2.-f0.-f0
720,-d0.-r2.-f2.r2.f0.d1.f2.-r2.f2.d0.f0.-r0.-d1.f1.-r0.-d2.f0.d2.d1.-f0.-r1.f0
721,r0.-f2.d0.f2.-f1.-r2.-d1.d2.r2.-f1.-f2.d1.r1.-r0.f2.-d0.f2.r2.d0.-r0.-d0.f0.f0
722,-r0.-d2.-r1.f0.-d1.-r0.f0.f0.-d2.-f2.-r1.-d0.-r2.-d2.r2.f1.-r0.-r2.d2.-r0.-f1.-d0
723,r0.d2.-f0.-d1.r2.d0.f2.-r2.f0.d0.-f0.d0.r1.-d1.-r2.-d2.-d1.f0.-d0.-r0.d2
724,-r0.-d2.-r1.f2.d1.f1.d1.r0.-d0.-r2.r0.d2.r0.f2.d2.r2.-f0.d0.-f2.d1.-f1.-d2.f1.-f0
725,-r0.-f0.f1.d0.d1.-f0.r2.-r0.d0.-r2.-f0.-r2.r0.d2.r2.f2.-d2.-r0.-f0.d1.f0.d2.-d1
726,d2.-f2.-r0.d2.-f0.-r2.-f1.-r2.f2.-f0.d0.d0.-r0.-d1.f1.-d2.f1.d1.r1.f0.-f2.f0
727,f2.-d2.r0.-d0.r2.-r0.d0.-f1.f0.r1.-d1.-f1.-d0.f0.r2.d2.r1.f1.d0.r1.-d0.f1.f1
728,-r1.d2.f1.r2.d0.f1.-d1.r2.f1.-r1.-r1.-d0.f0.-r0.d2.-f2.-d1.r2.d1.-f0.r0.-f2
729,f2.-r0.f1.-d2.r2.-d0.d1.r2.f0.r2.d2.f2.r2.f1.r0.-d1.r1.d1.d0.-r0.d1.f1.f0
730,d0.-r0.r2.-f2.r1.d1.-r2.d0.r2.d2.-f2.-r1.d0.f1.d0.d0.f0.r0.f1.-r0.-f1.-r0
731,-d0.-f2.-f2.-r1.d2.f0.-d1.-r0.r2.f2.-d2.-f2.-r0.-d1.-r2.d1.-r2.r1.f2.r1.f2.-d2.-d0
732,f1.r0.d0.f2.-d2.d1.-f1.r2.f0.-r2.d0.-f1.-r2.-r2.-r1.-f0.-f0.r1.f2.-d2.f2.d0
733,-r1.-d1.d2.-r2.-f2.d0.-r2.f0.r1.-d0.-f1.r1.f2.r0.f0.-d0.f2.f1.-r2.f1.r0.-f1.-d0
734,d2.f0.-r2.-d2.-f0.r0.f2.d0.r0.r0.-f0.r2.-r0.-f2.r0.r0.-f2.-d2.f2.-r0.r1.d1
735,-d2.-r0.-f2.d1.f1.-d2.f2.d1.-r1.f1.r1.-f2.-d2.f0.d2.d2.-f0.-f1.-d1.-r2.-d0.-r2.r1
736,f2.r1.-d2.-r1.-d2.-r1.-f0.-r2.-r2.d0.r1.r2.f1.f1.r1.f0.-d0.f0.r1.d1.d1.-r1
737,d2.-r2.f2.-r1.-d2.-f1.-d2.-r1.d2.r2.-d0.-f0.d0.-d2.-r2.d0.r0.d2.d1.-r0.f1.-r2.-f1.r0.-f0
738,f2.f2.r1.-r0.-d0.f1.-r1.d2.-r2.f2.-r0.-d0.-d0.r2.-f2.r1.-d2.r0.d2.f1.-f2.r1
739,-d0.-d0.-r2.d2.-d0.f2.-f0.r0.f2.r1.f2.-d2.-d1.f0.r0.-f0.r0.-r1.-d1.-r0.d2.f1.f2
740,-r2.d1.-f2.-d1.-f0.f2.-r2.-d1.r0.d1.-f2.d0.-r0.f1.d2.-d0.-f0.f2.-r1.-r2.d0.-d2.-f2.d1
741,-d0.-r2.f0.-d1.-r2.f2.-r0.f2.-r1.d2.r1.d1.-r2.f1.-d2.-d0.-f1.-r0.-d2.-f1.-f2
742,f2.-r1.-d0.-f2.-r0.f2.-r0.-d1.r1.-f0.r2.f0.-d1.-d1.r0.d1.f0.d1.-f0.d1.-f0.r0
743,-r2.-f1.d0.-r0.d0.d0.-r1.f2.-r1.-d2.-d2.-r1.r2.f0.-d1.f2.d0.-f2.-d0.-f0.-r2.d2.-d0
744,f2.r0.f1.d2.r0.d2.f1.-r2.-f0.d0.-f1.r0.f2.-r0.d0.-f1.-f2.f0.r2.r0.-d0.-f0.r2.f0
745,f2.-d0.f1.-d0.r0.-d0.-r2.f0.-d2.-f0.-r1.d2.r0.-d1.f1.-d0.d1.-r1.f2.-r0.-f2
746,r1.-f2.r2.-d1.-r0.f2.d1.-r2.-f2.r2.-f1.-r1.r2.-d2.-f0.-r0.-f1.r2.f0.f1.d0.f1
747,f0.r0.-f1.r1.d2.-r2.d1.-f1.-r2.-d2.-f0.r1.-d0.-r0.-d2.f1.-f0.d2.-f0.-d2.f0.-f1.-d1
748,-r0.-d0.-r2.r0.-d1.f2.-d1.f2.r1.-d0.f0.-r0.-d2.r0.-d2.-d2.r1.f0.d0.r1.-d0.-f0.d0.-d1
749,f2.-d2.-f1.d0.-f0.d1.r1.f0.-r0.d2.d2.f2.-d0.-r1.-d0.-f1.r1.d0.-f0.-r2.-r1.-d2.d1
750,-d1.f2.-r1.f1.r0.-f0.-d1.d0.-f1.-f0.-r0.-f0.-r1.-d2.-d1.r1.-d2.-r1.r2.-f1.-r0.-f0
751,f1.-d2.-f0.r2.-d0.r0.-d1.f0.f0.-d2.f2.r1.-f0.-r0.-d2.r0.d2.-f1.r2.d2.-r1.-d2.f1
752,d0.-f2.-d0.-r2.-f0.-d1.-r0.-d0.-f2.-r0.d1.r0.r0.-d1.f0.d1.r1.-d1.-f1.-d0.-f0.d0
753,r2.d2.r2.r2.d0.-r1.f2.d2.r1.f1.d0.d0.d1.-d2.-r1.f2.-d2.r2.-f2.r2.-d2.r0.-r2
754,d2.f1.-d0.d1.-r2.f1.d2.-f2.-r0.-d2.-d2.-f1.f0.r0.d0.d2.f1.-d2.-r2.-f0.r2.-d0
755,-r2.f2.-d2.-r1.f1.-d1.-r0.-d2.f1.f1.d0.f2.-r0.-f0.-r1.-f0.d1.-f0.d2.f2.-d2
756,r2.-d2.r2.-f2.r2.f0.r0.-f2.d2.-f2.r0.f0.-r0.-f2.-r0.-f0.r1.f2.r2.d0.d2.r2
757,r1.-r0.-f0.r0.f0.d0.-r0.r1.f2.-d2.r2.-f0.d0.f0.f0.-d1.r0.-f1.d2.f1.-d2.d1.-r1
758,d0.-r0.f0.d0.-r0.f1.r1.-d2.f0.r2.f2.-d1.-r2.-d0.-f0.d0.r1.d1.r0.d1.-f1.-d0
759,r0.-f0.-d2.r0.f1.r0.-f1.-r2.f0.-d2.d0.r0.d0.-r1.d1.-d0.r1.-f0.r2.f0.d0.r0.-f2
760,d2.-r1.f0.d0.-f2.r0.f0.-d2.-r2.r0.-f2.r2.-f0.-d2.-f2.-r2.f2.-d1.-f1.d2.f1.d1.-f2.f0
761,d0.-f2.-d0.-f0.-d2.-f0.d1.r1.-f2.-f2.-d2.r0.-f2.-d2.-d1.-d2.-f2.-d1.f2.-d1.r2.f0.r1
762,-r1.r2.-d0.-r2.-d0.f2.-d2.-f1.r0.f0.-r1.-r2.d1.-f2.-r0.-f0.r2.-d0.-f0.-r2.f0.d0
763,-f0.r1.f1.-r1.f1.r0.-f2.-d2.r1.-d2.r1.d2.f2.-r2.d2.-f2.-r0.f0.r0.f2.-d2.r2.d2
764,d1.-r2.-f2.d2.-f1.f0.-d0.r2.-d2.-r0.-d2.-f0.r0.d0.r2.d2.-f2.-d2.f2.-d2.-r2.f0.r0.r2
765,-d0.f0.d0.f0.-d2.d1.-f2.-r0.d0.-d1.f1.r0.-f2.r0.-f0.d1.r2.-r0.f1.r2.f1.r2.r2
766,r2.d2.-f1.r2.-d2.f2.-d2.-f2.r2.r2.-d0.-r1.-r0.d2.-r1.d2.-r1.d2.-r1.d1.-f0.d2
767,-f0.r0.f1.-d1.f1.-d0.-f2.d0.r1.f2.-d0.r2.r2.f1.-r2.f2.-d0.f2.-r2.-d0.f0.-d0.-f0
768,d2.-f2.d2.-f0.r0.-r2.d1.f0.r0.d0.f0.-d0.-f1.d0.r1.f1.r0.d1.-f0.-f1.-d1.-d1
769,-f0.-r2.d0.-f1.r0.-f2.r1.d1.-r2.d0.-d2.-f1.d1.-d2.-f1.-d0.f2.d0.r2.f0.d1.d0.-r1
770,-d1.-f2.-f2.d2.-r0.-f0.d0.-f2.-r2.-f0.f1.f1.-d0.-f1.r1.-d2.r2.-r1.d0.r1.-r0.-f2
771,-r0.-d2.-r1.-r0.-f2.r1.-f2.-r0.d2.f1.d2.-r2.f0.d2.-r1.f0.-d2.-f0.-r0.f0.-r1.f2.-f0
772,-r2.-d1.f1.r0.-f2.d2.r0.-d2.f1.-r1.d1.-f2.-d1.-f0.-d0.-f1.d1.-r2.-f1.-d2.r2.f1
773,d2.f0.-f2.d2.r1.-f2.d0.r1.f1.d0.-r2.f1.-r0.-f2.-r2.f2.r2.f2.-r1.-d1.-d1.r1.d2
774,-d2.-f1.-d1.-r1.-f2.d0.-f1.d0.r0.-d0.-f0.-d0.r0.-d1.-r2.-f2.r0.-d2.-r2.-f2.r2.d2.r2.d1
775,f0.-r2.-d1.-f2.d2.r1.f1.-d1.r0.f2.d0.r2.f2.-f1.r2.f0.-r2.f1.f1.-d0.f1.d0.r0
776,-r1.-f1.r2.-f0.-r1.r0.f2.r2.-d2.-r0.-f2.-f2.d2.-r0.f1.r0.f0.r0.d0.-r0.f1.-d2
777,d0.r1.-f2.r1.d0.r2.-f1.r2.-d1.-r0.r1.-d2.-r1.-d2.-r2.-d2.f0.-r2.d2.r2.-f0.-d2.d1
778,d2.f0.r2.-d2.-r0.-f1.f0.d0.f2.-f0.r0.f0.-r2.-r2.d0.-f0.d2.-f1.d1.-r0.-d2.-f0.-d1.f0
779,f2.r0.f1.-r0.r2.-f2.-d2.r2.-r0.-d1.-f2.d0.f2.-d1.f0.-d0.-d2.-f1.-d1.-d0.d2.-f0.-d1
780,d1.r0.-f0.d1.-d2.-f0.f1.r2.d1.-r2.-d0.-r0.-d2.-f0.-d1.r0.d2.-r1.-f1.r1.-f0.-r1
781,-f2.-d0.-r0.-f1.d1.r2.d2.-d1.-r2.-f0.r1.d0.-f0.-d0.-f1.r1.d0.f0.-r2.d1.-d0
782,-d2.-f0.r0.r0.f2.-d0.f2.-d0.-f0.-r2.-d0.r0.-r1.-d2.-f1.-r0.f1.-r0.-f2.r0.f2.r1
783,r0.-d0.-f2.r0.-f0.-r0.r2.d2.-r2.r0.-f2.d0.-r0.d0.-r1.-d2.f1.-r2.-d1.r2.d1.-f1.-d1
784,-d0.-r2.-f0.d2.-r0.-d1.-f2.d0.-r1.-d1.-r0.f2.r2.f2.r2.-d2.-f2.r2.-d1.d0.-r1.d1
785,r0.d0.-r1.d1.-r2.-d2.f2.d1.-r2.-f1.-f0.r0.f0.-r2.-r2.-d0.-r2.-d0.-f2.d0.r2.r2.d2
786,f1.d0.r2.f0.d2.r0.d2.-d1.-r0.-d2.f0.-d1.-f0.r0.-d0.r0.f0.f1.-d1.-r0.-d2.r0
787,-d0.f2.-d2.f1.r2.f2.-d0.r2.d0.-r0.-r0.-d0.f1.-d0.f2.-d2.f0.r0.r0.r2.f0.-r2.f0
788,f0.r0.f0.-d0.-f0.d2.-r2.-f2.-r1.-f2.f1.r1.d2.d1.-f0.r2.-f1.-f2.-d0.-f1.r0.d0
789,-f0.d1.-r0.-f1.d0.r2.r2.d0.-r2.-f1.d2.r0.-r1.-d2.-f1.-f1.-r0.-d1.-r1.f2.r1.-d0.-f2
790,d2.-d0.-r0.d0.-r2.r0.d1.-f2.-r0.d2.d1.f0.-d2.-r2.d1.-f2.d2.-r1.f2.-d1.-r0.-f0
791,-f0.d2.-f2.d2.r2.-d0.-f0.-r0.f2.d1.f2.d2.r2.-f1.-d2.-r2.d0.-f2.r2.d2.f0.r1.-d1
792,-f1.r0.-d2.r1.-r2.d1.r0.d1.-r1.d2.-r0.-r0.-f1.r2.-d1.f2.d2.-f2.-r2.-d0.r2.d1
793,f0.-r0.r2.d2.-f1.r0.f2.r2.-d0.-r2.f0.r0.-r1.d1.d1.-f0.-d0.f0.r0.d0.f0.r0.-f0
794,-f2.r0.-d2.-f0.r0.-f2.-r2.f1.d2.f2.-r2.-d0.d2.f2.r1.d0.-r2.f0.f2.d1.d2.-d0
795,-d0.f1.r1.-f0.d1.r0.-d0.f0.d0.-d1.-r1.-d1.d0.f2.-d0.r1.-f0.d0.-f2.-f1.d2.f0.r2
796,d2.-r1.r2.f0.-f1.-d0.-f0.r0.f2.-f0.r0.d0.-r2.f1.-f0.-r2.f0.r2.-d1.-r2.f1.-d0
797,-r2.d2.r1.d0.-f2.-r2.-d2.d0.r0.-f1.d2.f1.-r0.d0.-f0.d2.f0.d0.f1.r1.f0.r0.-f0
798,f1.r2.d1.r1.f2.-r2.-r2.f2.r1.d2.f0.f2.-d0.-d0.f1.d1.d1.f2.-r0.f2.-r2.f2
799,r2.d2.f2.-r2.-d2.-f1.-d0.r0.d2.-r2.d1.-r2.d2.f1.d0.-f1.-d2.-r1.-r1.f1.r2
800,f0.-d1.-r1.-f2.r1.-d2.-r1.f1.r2.-d1.-f1.r2.-d2.-r2.d0.f0.d2.r0.-d0.-d2.-r2.d2
801,-f2.-r0.-d1.-f2.f0.-d0.-r2.-f0.d2.f2.r2.r0.f0.-d2.f1.d2.-r2.-r2.-d1.-f0.-d2.-d0.-f1
802,-d0.r2.-r1.d1.-f2.r1.f1.-f2.-r1.-r1.-d0.-f0.-f0.d2.-f2.d2.r2.-d2.f2.r2.d2.-r2.d0.d1
803,d0.f1.r1.f2.d0.-d2.-r1.f2.r2.r2.-f1.d0.-d2.-d2.r2.-d2.-f0.-d0.f0.d2.-r2.d2.-r0
804,f2.-d2.-r0.-d2.f2.-f0.-r0.d1.-f2.-r2.-d1.f0.r2.d0.-f0.-r0.f1.-r2.d0.d0.-f1.r0
805,-d0.-f2.-r2.-f2.d0.d0.-r2.f2.-r2.d1.-r2.r0.d1.-r1.f0.r1.f2.-d0.d1.-f0.-f0
806,-f0.r2.f0.-r0.-r0.d2.f0.r2.-f0.d0.d0.f1.-f0.r1.f1.-r1.r2.-d1.-r2.r1.-d0.r2
807,-d1.d2.-f0.r1.-r0.f2.-d2.r2.-f2.d0.f1.-r2.-d0.f0.-d2.f2.d2.r0.-r1.d1.r1.f0.-d1
808,-r1.d0.f1.-r1.-d2.f1.-r2.-d0.-f0.-d1.r0.-f0.-d0.f1.-d0.r1.r1.f1.r1.-f1.f2.-r1
809,-f0.r0.-d0.d1.-r2.-d1.-f1.-r2.-f2.-r0.-f0.d1.-r2.f0.d0.-r0.f1.-d0.-f1.-f2.-r2.r0.d1
810,-f1.-r0.f1.r0.f2.-d0.r0.-f1.f2.r0.-f2.-r0.-d0.r2.f0.d0.r2.f2.d1.-r2.-d0.-f0.-r0.-d0
811,-r0.-f0.d2.f2.f2.-r1.-d2.-r0.-f2.f0.d1.d1.r0.-d0.-f2.r0.f0.-f2.-r1.f2.-d1
812,d0.f1.r2.f1.r2.-d2.-f1.r2.-r1.d2.-d0.f2.-r1.r0.d0.-f0.d0.f0.-f1.-r0.-r0.-f1
813,d1.-r2.-d0.r0.f1.d1.f2.d1.f2.-r1.-d2.r0.d2.-f0.-d2.r0.d2.-f0.-r1.-d2.-r0.-d2.r0
814,d2.f2.d1.f0.-r0.f0.f0.-d1.-r0.r1.-f1.-d1.r1.-d0.f1.-r2.d2.r2.d1.-r0.-f1.-r2.-f1.r2
815,-r1.-f0.-r2.-d0.-r0.f2.-r1.f0.-d0.-r1.-d1.f2.-r0.d1.f2.r2.f1.r2.-f1.-r1.d1.r1.-d1
816,-r2.-f2.d0.-d2.-r2.d2.f0.-d1.-r2.r1.-f1.d1.-d2.r1.f1.f2.r2.-f0.-d0.f2.d2.f1
817,-r0.-d0.-f0.r2.d2.-r1.f1.-d2.-f0.-f0.-d0.f0.r1.f2.r0.-f2.-d1.-d2.f1.-f0.r2
818,r0.-d0.f0.-r2.-r2.f0.-f1.-r1.f1.-r2.d0.-f0.-f0.d1.f1.d0.f0.-d0.r2.f1.d0.-r2
819,f2.-d2.f2.-r2.-d1.r1.-d2.-f2.f0.-d1.r2.d0.d0.d1.-d2.r0.f0.r0.-f0.d2.-f2.-f2.-d1
820,-f1.r1.-f2.-d2.-r2.-d0.r0.-d2.d0.f1.-d2.-r0.r1.f1.-r1.d0.r1.d2.-r2.-f0.f1.-d2
821,-r2.f0.-r2.d2.f0.d0.-r0.-r0.-f2.-r0.-r0.-r1.f1.d1.r2.-f2.-d1.r2.-f1.-r0.d2.f2.f0
822,f0.-d2.-r2.-d2.-r0.f2.d1.-d0.f2.-r2.-f0.d0.d0.f1.d1.-f0.-d1.-f0.r0.-f1.r0.f0
823,r0.d1.-r2.-f2.-r0.-d2.r0.-f0.-d2.d0.d1.-f2.d1.f0.-r1.d1.-r2.-f0.-r1.-f2.d1.f2.f0
824,-r2.-f1.-f1.d2.-r0.-d2.-r0.d0.-r2.d0.r0.-d0.r0.f2.r0.f0.d1.-r0.f1.r2.d2.r2
825,d0.-f0.r2.d0.f2.-r2.-f2.d2.-r1.f0.-r1.d1.f1.f2.d0.-r2.f2.-d2.-f2.d1.d0.f2.d1
826,-r2.-d1.-r0.r2.f2.-r2.-f2.d1.f2.d1.f0.-d0.-f1.r2.f1.-d2.-r0.f0.-r1.r0.-f0.d0
827,-r0.-f2.-r2.f2.d0.-f1.-d0.f1.-d2.r0.f1.d0.-f0.r2.-d0.-r2.-r2.f1.-r1.-f1.d1.r0.r2
828,-r1.d1.-d0.f0.-r2.-d0.-r2.f2.r2.-d1.-f0.-d0.d2.r0.f2.-d2.-r2.d0.-f1.-f0.d2.r2
829,f2.-d0.-r2.f1.-d2.-r1.-d1.-f2.-d0.-r0.f1.d1.r0.d2.-f0.-r0.f2.-r2.d1.r0.-d1.r2.-d0
830,r0.-f1.d1.f2.r1.d1.r2.-d1.r2.-d2.-f0.r2.-d0.-r2.-f2.d1.d0.f2.-r0.d2.-f2.-r1
831,-d0.r1.r1.-d1.r2.-r0.-f1.-d0.r2.-r0.f2.r1.r1.f1.-r0.r2.d2.r2.d1.f2.r2.-d0.r2
832,-r2.-f1.d2.-r1.-d0.r2.f1.r1.-d2.f1.-d1.-f2.d0.f1.r2.-f1.-r2.-f0.d0.f1.-r1.r2
833,-f0.r0.f2.r0.d0.-f1.-d1.-r0.r2.-d2.-f1.r0.-r2.-d0.r1.-f0.-d0.-f2.d0.-r2.-d2.-d1.r0
834,f1.r0.f2.-f1.-f0.r1.d1.-d2.-r2.-f2.r0.d0.-r0.-f2.d1.r1.-f1.-r0.-d1.-f2.-d2.r1
835,-d0.r2.-f2.d2.-f2.-d0.d2.f0.-f2.r1.r2.f2.-d1.f0.f0.-d1.r1.-d2.-f1.r0.d1.-r0.d2
836,f0.r1.-f1.r0.-f1.d2.-f0.-d1.-f0.d2.r0.-d0.-r0.-d2.f2.d2.r1.-r0.d0.-r2.-f1.-f2.r2.-d0
837,-d1.f2.-d0.r2.f2.r1.r1.-f2.-d1.r0.-d0.-r2.d2.d0.-r2.d0.d0.-r2.-d0.-d0.-r2.d2.-r0
838,f1.r2.d1.r1.r1.r2.f0.d0.r1.-f1.d0.f0.-d2.r0.f0.d2.f2.-d1.f0.-f2.-d0.f2
839,-d1.r1.f1.r0.d0.r2.-f2.-f2.-r0.d2.-r1.-d1.d2.-r0.-d2.-r1.-f2.r2.r0.-f0.d1
840,-d0.-r2.-f1.-r1.-f0.r0.-f2.d2.r1.r0.-d1.-r0.d0.f1.d2.-r2.r0.d2.-f2.-d2.r2.-f1
841,-f0.r0.-f2.f1.r0.d2.-f2.r1.-f1.-r0.f0.-f2.d2.-f1.d0.d0.-d2.-r1.-d0.f2.-r0.d2.f1
842,-r1.-d1.-f0.f1.-d0.r2.f2.r1.d1.r1.d1.-f0.-r0.f1.-r0.-r0.-f0.d1.-r2.-d1.r0.f1
843,d0.-f0.d1.f2.-r2.d1.-f2.r2.-f0.r1.d0.f2.-d2.-f1.r0.-d1.-r0.-d0.f2.-f0.f2.-r0.d2
844,-f2.d1.-r1.-f0.-d0.-d0.-f2.-r2.r0.-d2.f0.d2.-r0.-d2.f1.-d0.r1.-d0.r2.d2.r2.d0
845,f0.r1.d0.f2.r2.f1.r0.r0.-d0.-r2.-r2.-f0.-d1.r2.d0.d0.-f0.-d0.-r0.f2.r0.-f2.-r2
846,-d0.-f0.-r0.-f1.r2.d2.r0.r0.-d2.f1.r1.-r0.f0.d1.d1.r2.-f2.d1.f0.f0.-r1.-f0
847,-f0.-r0.-f2.r2.-d1.-f1.r1.-d0.-r0.-f1.f2.d0.-f0.d2.-r2.-d0.f2.r2.-r0.d2.f1.d0.-f1
848,-r1.f1.d2.f1.-r2.-d0.-f0.-d0.f2.r2.f1.f1.-r0.-f1.-d1.r2.-d0.-r1.-d1.f0.d1.f2
849,r2.-f2.-r2.f0.-r1.d2.-f2.d2.r2.f1.d2.-f2.-r2.-d1.-f0.d0.-d2.-r1.-d0.-f1.d2.-r1.-r2
850,f1.-r2.-f2.-r0.-d1.-r0.r1.f2.d1.f2.-r1.f0.d1.-r1.r2.-r1.f1.f2.-r2.-f0.r2.-d1
851,f0.-r2.r1.-f0.-r0.-f0.r0.-f2.-d1.f0.-f2.-d2.d1.f2.r2.-f0.d1.r1.-d1.-f1.-f2.d1.r0
852,f0.-r1.d2.f0.-d0.r2.-f1.-d0.-f0.d0.-f2.r2.d2.r1.-d2.f1.r1.f2.-d2.-r0.-f2.-r1
853,d2.r0.-d2.d1.-f0.-d1.f2.-r2.r0.-f0.r2.f1.-r1.-d0.r1.-f1.-r2.-f0.-r0.f1.r0.-d1.-d0
854,-r1.-f2.-r1.d0.f0.-r2.-d0.-r2.-d0.-r2.-f2.-r0.d0.-r2.f0.f0.-r0.f0.-r1.d2.-f0.r0.d2.-r0
855,r0.-r1.-d2.r1.-r2.-d2.-r1.-d1.-r1.d2.-f2.r0.-d0.r0.-f2.-d0.-r2.d2.f2.d0.f2.-d2.f2
856,-d0.d2.-r0.f0.r1.-f1.d2.-f0.-f0.r2.d1.f2.d1.r1.r2.-f1.d0.f1.-d2.-d0.f1.-d1.-f0.-r1
857,r2.-d2.r2.-d1.-f0.-d0.-f1.r0.d2.-r0.-d0.f0.-d2.r2.d2.-f2.r0.-f0.-r0.-r2.-d2.f0.-d1
858,r0.d2.-f2.r1.d2.r1.-r2.d0.-r2.-f0.-d1.f2.-r2.-f2.r1.-f0.-d2.f0.d0.r0.-r2.r1
859,d2.r0.-d0.f2.r0.-f1.r1.-d1.-f0.d0.r1.-d2.f2.-r0.d0.d0.r2.-f2.r1.f2.r0.-f0.-d0
860,f0.r1.-f0.-d0.-f0.f1.d1.r1.f0.-d2.f2.-r0.-d2.-f2.-r2.-r2.-d2.r2.f2.d2.d0.-r0
861,-r0.-f1.d0.f2.-r1.d0.r0.f2.r0.f2.r0.f0.d1.f1.-d1.f2.d1.-f2.-r2.-r1.d1.f2.-r0
862,-f0.-r2.-r2.-f1.-r1.d2.-r0.f2.-d1.d0.r1.-r2.-f0.-d2.f1.d2.-r0.f0.r1.f0.r2.f0
863,-r0.-f2.-d0.r2.-f2.r0.f0.-d0.f0.r1.d0.-f1.-r1.-d2.f0.-d1.-f0.d2.-r2.d2.f1.-f2.r2
864,-d0.r2.f1.-r0.f2.d2.-f0.-d0.r2.-d0.r0.d2.-f2.d2.-f1.-d2.-r1.d0.r2.r1.f2.r1.f1.-f0
865,r1.-d1.-r0.d0.r2.-r1.d2.f0.r0.-f2.f0.-r0.f0.-d2.-f1.-f2.r1.-r2.d0.f2.d0.d0.-f1
866,-f1.d0.r0.f0.r0.-f1.-d1.-f0.-r2.d1.-r1.d1.-r0.-d1.-d0.-f2.r1.-f2.d0.-f2.-d2.-f0
867,r1.-r0.d0.d0.-f2.-d0.-d1.f1.-r2.f0.-d0.-r2.d2.-r1.-d0.r0.-f1.-d0.f0.-d2.-d1.-r2.r1
868,-d0.-r0.f0.d1.-r1.f0.-d1.-r2.-f1.r1.d1.f0.r2.-d2.-r2.d0.f1.-d0.-f0.r2.f1.f0
869,-d0.-r1.d1.r0.-r1.d2.-f2.r0.-r1.-f1.-r1.f0.d0.r2.-d0.-f1.d0.-r1.f1.-f2.r1.r0.-d1
870,-d0.-f1.-d2.r2.d2.r1.d2.-d1.-f2.-d0.-r2.d0.-r0.-f2.-d0.r2.f0.d0.f2.d0.r0.-d0.-r0.d1
871,-f2.f1.r2.-f0.r2.-d2.-f1.r0.d1.-r0.d2.f0.-r2.-f0.-r2.-d2.f2.-f0.d2.r2.f0.-r2.f0
872,-d1.-d1.f0.-f2.d1.-f2.r2.d2.-f2.-d0.-f0.-r0.-d1.r0.-f0.-r2.f0.r2.-d1.r0.d1.-r0.-d0.-r2
873,d2.f0.-f2.-d2.-r0.-d1.-f2.-d2.-f2.r0.-f0.r2.-f0.d2.r2.f0.-r1.f0.-d0.-f0.d0.-r0.-f2
874,r2.r2.d0.-f1.r1.r1.d2.-r0.f2.-f0.-r2.-f2.-d0.-r1.r2.f2.-r1.r2.f2.r1.f2.f2
875,-r1.-d0.-r0.-f1.-d0.-f1.r0.f0.r0.f1.r1.f1.r0.-d0.f2.d0.f0.d1.r2.-f1.-r2.-f1.d2
876,-f2.-d1.-f2.-r1.-d2.-f0.-f0.-d1.-d1.r2.-f2.-d2.-r2.-f1.d2.f2.-d2.f1.-r0.f2.f0.-d0.-d0.r2
877,-r2.-f1.d0.-f2.d0.r1.-d2.f0.r2.d0.-f2.-d2.-f1.d2.f2.d0.f2.-d0.f1.f0.-d0.f2.-d1
878,r2.d1.-f2.-d1.r0.d2.-r1.d0.-r0.f0.d1.-r0.-r0.r1.d1.-r1.-d1.-r1.-r1.-f2.-d2.r2
879,f1.-r2.r0.f0.r1.-f2.-r0.-r0.f0.r1.-f1.d0.f1.-f0.-d1.r0.-d2.d1.r0.-d0.-d1.-d1.f2
880,r0.-r2.f0.d0.-r1.-f0.r0.-f0.-r1.-r1.-f0.-r2.-r0.-f0.-d1.f2.-r1.-f1.-r1.-r1.d0.f1
881,-r1.f1.-f0.d0.-f0.d0.-f0.-f0.-d1.-r2.-f0.-d0.r1.d2.f2.r1.-d1.f2.-r1.-f2.-d1.-d2.-d1
882,-f1.-r0.f0.d1.-d2.-r2.d1.-f2.-f2.-d2.-f0.-f0.d1.-f1.-r0.-d1.-r2.d0.r1.-d0.-f2.r2
883,r1.-f0.r0.d2.r2.f1.-r2.-f1.r0.d2.-d1.-f2.-r2.-d2.r2.-d0.-r2.d0.r2.d1.d0.r1.-d0
884,-r2.-d1.-r2.d1.-f1.d1.-r0.-f2.r2.-f0.d0.-r0.-f0.-r0.d0.r0.-f2.d0.-r0.-r0.f2.r0.r0.-d0
885,-d1.-f0.d1.r0.-f2.r0.-d2.-f1.-d2.f2.f1.d2.-r2.f1.r2.r0.-f1.-d2.d1.r0.f2.-r0.-d1
886,-d2.-r0.f1.d2.r1.f2.-d2.d0.r0.d2.-f2.r0.-f1.d2.r1.-f2.-d2.f2.d2.-r1.-f0.-d2.r0.f0
887,r2.f2.r1.d0.-f0.-r2.-f1.-r0.-d1.r2.f2.r1.d0.-r2.f2.d2.-f0.d1.r2.f2.f2.-r2.-d1
888,-r0.f0.r1.-f2.d2.r1.f1.-r0.d2.-f2.d1.r0.-d0.r2.-f2.d2.-f1.-r2.-d1.r2.-d1.f2
889,-f0.r0.-f2.d2.-f2.d0.f1.d0.-f0.d0.-f2.-f1.r1.f1.-d0.f1.-r2.d0.r1.-d1.-r1.d2.-f1
890,f1.r2.-d2.-f1.d0.-r0.-d1.r1.-d0.r1.-f1.f0.r2.f2.r1.d1.r1.d0.-d1.-r1.f2.r0
891,f1.d2.-r2.d0.f0.r0.r0.-d0.f1.-d1.r1.-f2.d2.r1.f1.f2.r1.-f2.-r2.f2.-r1.-d2.f0
892,d2.r2.-r0.-f0.-d2.r2.-d2.d1.-r1.f0.-r0.d1.r2.r2.-f1.-r2.-d1.f0.-f1.-r0.-f0.-r2
893,f2.-d2.d1.r1.-f2.r2.d2.f0.d1.f0.-r0.-f1.-r0.-f1.f0.d1.-f0.-r0.-f0.-d1.-r0.d1.f0
894,f2.d0.-f1.-d1.r0.-f0.r0.d0.f0.-r1.r0.r2.-d1.f0.-d2.r2.-f2.-r2.f2.d2.-r2.-f0.d1.r2
895,r0.-d1.d0.-r0.f0.-r1.-d1.-f1.-d2.r2.d2.-f2.-d0.f0.r2.f0.-d1.-r1.d2.r1.-f0.d1.-f0
896,d0.-r0.d2.-r2.-d0.r0.-d0.f2.r0.-d1.f0.r2.r1.-f2.d1.d1.f0.-r0.-f0.d2.r2.r2
897,d0.-r2.-r2.f2.-d0.f1.d1.-r1.r0.f2.r0.-f1.-r0.d2.-d1.r1.-d0.-r0.-f0.-f0.r0.d0.-r1
898,-f2.r2.-d0.r1.-d0.-r2.f0.d1.-d2.f2.-f0.r2.-f1.d1.-d0.r0.r0.d1.-r0.d0.f1.-r0
899,-r1.-f0.d2.-f0.-d0.-r2.-d1.r0.-d0.r2.-f0.-f2.-d0.r2.-d0.f2.-r2.-d2.r0.d2.-r0.r2.d0
900,-r0.d0.-r0.-f2.-r2.f0.-r1.-d1.f1.-r0.d1.f2.d0.-f2.-f2.-d1.-f2.-r1.-f0.-d1.f0.-r1
901,d2.r0.f0.d2.r2.-d2.-f2.f0.-r0.-f1.-d2.-f2.r2.f2.r0.f1.d0.r1.-f2.-f1.-d2.-f0.d0
902,-r2.-d2.-f2.-r0.f1.-r1.-f2.-d0.-f1.-r2.-f0.d2.f1.r1.-f2.d1.r1.f2.r1.f0.r2.-f1
903,f0.r1.-f1.-d0.-r0.d1.r2.-f2.-r0.f2.-d0.d1.r2.-d2.-r2.d2.-d1.f1.r1.-f1.-d1.-r0.-d1
904,-d0.r2.-d2.f2.-r1.-f1.-d0.r2.d1.d0.-f1.d2.f2.-r0.f0.-f1.r2.r2.d2.-f1.r2.-f0
905,f0.-d1.-r2.d2.-r2.f0.r0.-d0.r2.d0.-f2.r1.-f0.-d2.f0.-f1.-r1.f1.-r1.-r0.d0.f1.r0
906,d0.-d2.r2.f2.-r2.f1.d0.r1.-r0.f1.r1.d1.-d2.f2.-d2.-r2.r1.d0.-r1.r2.d0.-r2
907,f0.-f1.d0.d0.f0.-f1.r0.d0.-d2.-f0.-d0.r1.d2.-f1.-r0.d2.f1.-f2.d1.f2.-r2.-r1.d0
908,f1.r0.d1.r1.f2.-r2.-f1.-f2.r0.-f2.d1.f1.-r0.-f1.-d2.d0.-r0.-f1.-r0.f2.d0.-f2
909,-f0.-r2.-d0.-r0.f2.r2.-d0.-r2.r0.-d1.r1.r2.f1.r1.-f2.-d1.f0.-r2.d1.r2.-f2.-r2.f2
910,f0.d0.-d2.-f2.-d0.-r2.d0.r1.-d1.-f1.d1.-d2.f2.-d2.-f0.f2.r2.f1.-r2.-f2.-r0.-f1
911,r2.d0.-f0.-r0.d0.f0.d1.r2.f0.d0.d2.-r2.-d2.-r1.-r1.f1.-r0.f2.-d1.-f2.f1.r1.r2
912,d1.f2.-r0.-d2.-f0.-d1.-f0.d1.-r0.f0.-d1.-f0.-d0.d1.-f2.-d0.-r2.-d2.r2.d2.r2.-f1
913,-r0.-f1.r1.-r0.d2.-d0.r0.-d0.f0.d2.r0.r0.-f2.-r0.-f1.-r1.-d2.f0.-d0.-f0.-d1.-f2.-f0
914,-f1.-d2.-r0.d0.f1.f1.d1.r1.-r2.-f2.r2.f0.r1.d2.-r1.-d1.f0.d0.r2.-d0.-r2.d1.-f0.d0
915,-r0.d2.d2.-r1.-d0.-r0.d0.-r0.r2.-f2.-r0.-d2.-r2.-f0.-f1.r1.-f2.d2.-f2.r0.d0
916,-d2.f0.d0.f0.-d1.f1.-d2.r1.-f1.r2.-f2.d1.f0.d2.-r0.f0.-r2.-d2.-r0.d2.d2.r2.-d0.-d1
917,r2.-d1.-d0.r1.d1.f2.-r0.-d1.d2.-r0.-d0.-r2.-f0.-r1.-d0.r1.-d2.-f2.-f2.r0.-f2
918,-f2.-f2.-r0.d2.f0.-d1.r2.f2.d2.-f0.-r0.r1.-d2.r1.d2.r2.r1.-d2.f0.r1.-f2.f1
919,r0.-d1.f2.-f0.r1.-f1.-d2.r1.f2.r1.f2.d0.-f1.r2.-d0.-d1.f1.d1.r2.-d0.f1.r2.-d1
920,d0.d0.-f2.f1.r0.-d0.r0.-f2.-r0.d0.f0.r0.-d1.-f1.r1.d0.f1.r1.r1.-f0.-d1.-f1.-d1.-d1
921,f2.r2.d0.-f1.-d1.-d1.r2.-f1.-d2.-d0.f1.r2.f2.-r2.-r0.d2.-r2.-d0.r2.r2.-d0
922,-r1.-f2.-d1.f0.d0.-r0.-d1.-f2.-r0.-d2.f0.d2.-f0.r0.-d1.-f1.d1.-r0.f0.-d1.-f1.-r2
923,-r2.-d2.-r1.-f2.-r0.f0.r2.-f1.f0.d0.r1.-d1.-r1.-d1.f0.-d2.r1.d1.-r1.f1.-d1.r0.d2
924,r1.-d0.-f2.f1.-d0.f2.-r0.f0.f2.d1.r2.-f2.-f2.d2.f2.r1.d2.-r1.f2.-r2.-f1.r1
925,-f0.-d0.r0.-f2.r0.d2.-r2.-f1.-d0.-d0.-r2.d2.-f1.-r1.-d2.f1.f1.-d0.r1.-d2.r2.d2.-r2
926,f0.d0.r0.f0.-f1.d1.-r1.d0.r0.d1.-d0.-f0.d0.d0.r0.-f0.r1.f0.-d2.-f0.d0.r2.-d0.r2
927,r1.f2.r1.-f0.-f0.r1.d2.-f0.-r2.f0.-r0.f1.r0.d0.f2.d2.-r0.-d2.d1.-r0.d2
928,-d0.-f2.-f2.d2.r1.f0.r2.-d1.d0.f0.r2.-r1.d2.r0.r0.f1.r2.-d1.-r2.f1.f0.-d1
929,-r0.d0.-f0.d2.f1.d0.-r2.r0.-f0.d2.f2.d1.-f1.-d1.-f0.-d2.-f1.-f0.r1.f2.d0.-r1.f2
930,-d0.-r1.f1.-r2.-r2.f0.-r1.f2.-r0.-d0.-r0.d0.-r0.-f0.-d2.-r2.d2.-r2.-f2.d2.f2.r0.-r1.f2
931,-d1.-r0.-d1.-d1.r0.d2.-f0.-r1.r0.-f0.d1.-d2.f0.d0.f1.d0.d1.-f0.-d0.f0.-r0.d2.r0
932,-f2.d2.-d1.-r2.d1.f0.-d2.r0.-r2.-r1.f0.d1.-r0.d1.-r1.f2.r0.f1.d2.r1.-d2.d0
933,-d2.-r2.f2.-d0.-r2.-f0.-r2.f2.-d2.-r0.d2.f1.-d2.-f0.f2.r0.f0.r1.-d2.f2.-r2
934,f1.d2.-r2.f1.-d1.-f2.r2.f0.f2.-r2.d1.-r0.d2.-d1.-r0.d2.d1.f0.d2.f2.-r1.-r2.-f0.r2
935,f2.d2.r2.-f0.f1.d1.-r2.-d2.-f2.d2.-f2.-r2.-f1.r0.-f0.r0.f2.d0.f0.-r2.-f0.r2.f1
936,f0.d1.-r0.-d2.-d2.r0.-r1.d2.-r2.d1.-d0.r1.d2.d1.-r1.-d1.-r2.-d0.-r1.d0.r1.r0.d1.-f1
937,-f2.-r2.-d1.r0.-d0.-f0.f1.-d1.r0.-d0.r2.-f1.-d2.-f1.-r1.-f0.r1.f1.d1.-r1.-r0.d2.f0
938,-d2.d1.r0.-d2.f0.d2.f1.-r2.f2.-r0.r2.d0.d2.f2.-r2.f1.r0.r0.d1.f0.f0.-r0
939,-f1.-r1.d1.f0.-r2.-f0.-r1.-d2.-f2.f1.-d1.f0.r1.f2.-r1.-f2.r1.-r0.f2.r2.-f2.-f2.-f0
940,-f1.-d1.-r0.-r0.f0.r1.-f1.-d1.r2.f0.-d0.-r0.d2.-r0.r1.r2.-d0.-r2.-d1.r2.-d1.r0
941,-d1.r1.d2.f0.r0.d0.f0.d2.-r0.f1.f1.r2.d0.-f2.f1.-d0.-f1.-d2.-r1.-d0.d1
942,d2.f0.-r1.d0.-f2.-r2.f2.-r0.-d2.f1.-d1.-r0.d2.f2.r1.-f2.-d0.-d0.f2.d0.-r1.d1.-f2.d0
943,r0.-d0.-r1.d2.r2.-f1.r2.d1.r1.f2.d0.-d2.r2.-d0.-d1.r1.d1.r2.-d1.-r1.f0.-r1.d2
944,-d2.f1.r0.r0.-d0.r0.f0.-r1.-r2.-f0.-d1.f2.-d0.f2.-d0.-r0.f0.-d2.f0.d0.-f1.r2
945,f2.-r1.-f1.-r2.f2.d0.-r1.-f1.-r1.f0.f0.-r0.f0.d2.f2.-f0.-d0.f0.-d2.r1.-f1
946,r1.-d0.r1.f2.d1.d1.-r2.-f0.r2.f0.-r2.-r2.d0.-f0.-d2.-r1.-d0.-f0.d0.-f1.f0.-f1
947,-r0.f1.-r0.f2.r2.-f2.f0.-r0.-f0.d2.-f1.-d2.f2.r0.r0.-f0.-f0.-r0.d2.-f0.-f0
948,-r0.-f1.-r0.-d0.-f2.-r1.d1.f0.-f1.r2.d1.-f2.d1.f1.-d2.-d2.-f1.-r2.-f1.-d0
949,r0.f2.-r1.f2.d0.f1.-d2.-f0.-r2.f2.-d0.-r1.d1.-r1.-f2.r1.-d1.-r0.-d1.-r2.-d2.r2.d1
950,f0.-d0.r1.-f1.r1.d2.-r0.d1.f1.f1.d0.-f0.-f0.r0.-d1.f0.-d2.f0.-f2.d0.-f2.r1
951,r2.-d1.-f2.-r0.-f0.d0.-f0.-r0.r1.-f1.-r0.f1.-d0.-f2.d1.d0.-f2.-d0.d1.-f1.d2.f1.-d1
952,-r0.-d1.-d2.f2.-f1.-d0.f1.-d0.-f2.-r1.f2.r0.d1.-r1.-f1.f2.-r1.-d2.-f2.r1.-f2.d0
953,r0.-f2.d1.-f2.r2.f1.-r1.-f2.r0.-f0.-r2.f2.d1.r0.f0.r1.-f0.-r1.-d0.f2.-f1.d1.f1
954,-d0.r2.f1.d0.f1.-d1.-r2.d1.-r2.-f2.r2.d0.f0.-d0.-r2.r1.d2.-f1.-f1.-f0
955,-d1.-f0.-r2.f1.-d0.r2.d2.-r0.f2.-d0.f0.d2.r1.f1.-f0.-r1.-f2.d0.f1.-r0.-d0.f0.f1
956,f2.-r2.-f0.r1.-d2.-r2.f0.-r0.-f0.-r2.-f0.-d0.-d1.d2.-f0.-d2.-f1.d1.f2.-r2.-r0.-d1
957,d0.f2.-r1.d2.-r1.-d0.d2.r0.d2.-r2.d2.r2.r2.d1.r1.-d0.-r2.f1.-r0.-f1.d0.f0.f2
958,f0.r2.r2.-f0.-d2.-r0.f2.-r1.-d0.-f2.d2.f0.-r2.f1.-f2.-d0.r0.-d1.r2.f2.f1.r1
959,r2.f2.-d1.f2.-r0.f2.-f1.r1.d0.f2.-r2.d1.r2.-d0.r2.f2.d0.-f2.d2.-f1.-d1.f1.d1
960,r0.-d1.-f0.r2.-d2.-r0.-d2.-d0.r2.f2.-d2.f2.-d1.r2.r2.d1.-f2.-d0.-d1.f1.f2.r2.f2.d0
961,f0.-r1.-d0.r0.-r2.f0.d1.-r2.-f0.d0.-r0.d2.-f0.d1.f0.d1.-f2.r1.f2.-r1.d2.-d0.r2
962,d0.r0.-f2.-r0.-d2.f2.-d1.f0.-d0.f2.r2.d0.f1.-d2.-f2.-f2.-r0.-d1.f2.d1.-f2.-r1.-f0.-r2
963,r0.-f1.-d1.-f0.r0.f0.r0.f2.r0.-f2.-d0.-r1.d0.-f1.r1.r1.-f0.-d2.r0.f0.d2.-r1.-d2
964,f1.r0.f0.-r1.f1.d1.-f2.-r0.r1.-d1.-r0.f0.r2.f2.-r2.f1.-r1.-f0.r2.-d1.r0.f0
965,-d0.d1.r2.d2.f2.-r1.-d1.-f0.r0.f1.-f0.d2.-d0.-f1.-d1.f1.d1.-f0.d0.d0.f2.r2.f0
966,-r1.-f0.d2.-d1.-f2.-d1.-r2.d2.-f0.d0.r0.d2.r1.-f2.-f0.-d1.-f1.d0.d0.-r0.d2.-d1
967,-f2.-r2.-f2.-d2.f1.d0.-r0.-d1.-f0.r1.f1.d2.d2.-r1.-d1.r2.d2.f2.f2.-r2.d0.r1.r1
968,d2.-f2.d0.r0.-d2.-f2.-r0.d1.-r0.-f2.-d0.r2.-r1.-f1.r1.-d1.f0.d1.f1.d2.f1.f1.-d1.d2
969,-r0.d1.r2.f0.-r2.-f0.r2.f2.r2.d0.r2.-f1.f0.d0.-r2.d2.f2.-r1.-f2.-r2.f2.-r2.r1
970,f0.-d0.-r1.-f2.-d0.f2.-f1.-d1.-r1.-d0.-f2.-d1.d2.r1.d1.r2.f0.-d1.f2.d1.f1.-r0.-f0.-d2
971,-f2.-d0.d2.-f0.d2.-r0.f1.d0.-r0.f1.-d1.-r1.d0.r2.-f2.-d0.f2.d2.-f0.-d1.f0.-d2.f0
972,-f0.r0.-f1.-d0.-r0.f2.-r0.r2.-f2.d1.-d0.-f1.r0.-d0.-r2.-r0.d1.d2.-r0.f2.-r1.-f2.-r0.-f1
973,d0.f1.-d1.r1.r0.d0.-r0.-d2.r2.-f2.d0.-r1.-f2.-d0.-d0.-f0.-r2.f0.d0.-f1.-r2.f1.d0
974,-r0.d2.r1.d0.-r1.d2.r0.-f1.r2.-d1.-d1.-d2.f2.-r1.-d2.r2.-f0.-r2.-d1.-d2.-r2.d0
975,-d1.d2.-r2.-f1.d0.-r0.f0.-d0.r1.-f2.-f2.d2.-r1.f0.f0.-r1.f0.r1.d1.r1.d2.-r1.-d2
976,f0.-d0.f0.-r0.d0.-r0.d1.-r1.d1.-r2.-d0.d1.-r0.-d1.-r1.-f2.r0.-f1.-r2.-d2.r2.d1
977,f1.r2.-r1.d0.-r1.-f2.-f2.r1.-d1.r0.r0.f0.f1.-r2.f2.d1.-r1.-r1.f0.-d2.-f0.-d0.-d1
978,r2.r2.f2.-r2.f1.f1.r0.f1.d2.f1.-r0.-d0.f1.d0.-d2.r0.f1.-f2.d1.-f1.d0.f0.-d0.f2
979,f2.d0.-f2.f1.-r2.d2.r1.f1.-d0.-f2.-r2.f0.d0.-r1.r0.-f1.d2.f1.-d2.f0.-d2
980,-r1.f2.r0.f1.d2.f0.-d1.r2.-d2.-r1.f0.r1.d1.-d0.-r1.-f1.d2.f0.r1.d0.-f1.-r1
981,r2.-d2.f2.-r1.f1.d0.-f0.r1.-d0.-r1.f2.d0.-f0.-f0.d0.d0.r0.-d0.f0.d0.f0.f0.-r2
982,-f2.d2.-r0.-f1.f0.d2.r2.-d1.-f0.-d0.f0.d0.r1.-f0.-d0.-f2.f0.-d0.-f1.d2.-f2.f1
983,-r0.d2.-r0.-r0.d1.f2.r1.-d1.-f2.-f2.-d0.-f1.f0.d0.-r1.f0.r1.d1.d2.-f2.-r1.d1.-r0
984,r0.-d2.-r0.f0.-d1.-r1.-f0.-d2.-f2.d0.f0.-r0.f1.-f0.-d2.-r1.-r0.-d0.-r1.d1
985,r1.-r0.-f2.f1.f0.d2.-r0.f0.-r1.-f2.-d1.r0.f1.-r2.-f0.d1.f1.f2.d2.f1.-d2.-r0.-d1
986,-r2.d1.-r2.-f2.-r1.f2.-d0.f2.r2.-d0.f0.d2.r0.-f0.-d1.-f0.-d2.d0.f0.r2.d1.d0
987,d2.-r1.-f1.d0.f2.-d2.-f2.d0.f1.f1.r2.-r1.-d0.f2.r0.-f1.-d1.-d1.d2.-r2.r1
988,d2.-r1.-r2.-f1.d0.f0.-r0.d1.-f0.-r0.f0.-f1.-d2.f0.-r1.-f2.-r0.f1.r2.f0.-f1.-d1
989,-f2.d0.r0.f2.-d0.d2.f2.d2.r1.-f2.r1.d1.f2.d0.d0.f2.-d2.-f2.-d2.-r0.-d1.f2.-d0
990,-f2.-d2.f2.-r0.f1.-d1.f2.r0.f1.d2.-d0.r2.f1.-r2.-r1.f0.r1.-d0.-r0.-d0.-r0.-f2
991,d1.-r2.d2.r2.f0.d0.r0.-d1.-f0.-d2.-f0.f1.d2.r2.f2.-d1.-f2.-r0.-f0.d2.-f1.-r0.-r0
992,r2.-f2.f0.-r2.r0.d2.-f2.-r1.d2.r2.-d2.-f2.-f2.-d1.f0.-d2.-r0.-d2.d1.-f0.d2.f2
993,-r2.-d0.r0.-f0.d2.r0.d2.-f2.-r1.-f1.r1.r0.r0.f1.f0.-d1.-f0.-r0.f2.r0.-d0.r2.-d2
994,-r2.-d0.-f1.-r2.r1.f0.-d2.-f0.d0.-r1.f1.-d2.-r0.f1.-r1.d1.-f0.d2.f0.d1.-f1.d1
995,f2.d1.f2.-d2.f1.-d1.f0.f1.r1.d0.-d2.r2.d2.-d0.-f0.f1.r1.-f1.d2.r1.d1.d0.d0
996,-r2.-f0.r2.-d2.-d0.r0.-d2.f2.-f0.r0.d0.-r0.f1.-r2.-r1.d2.-d0.f1.-d2.r1.-d0.-f0
997,-r2.f1.f1.d1.-d2.f0.r1.d1.r2.-d2.-r1.-f1.-r0.r2.f0.d0.r0.d0.d0.-r2.r1.-d0.f0
998,-f0.d2.r1.d1.-r0.-d2.d0.r0.f1.r2.-d2.f2.d2.-r0.-f1.-r1.f2.-d2.-r0.f2.r0.-d1
999,d2.d2.-f2.d1.-r1.-f2.-d0.-f0.-r1.f2.r2.f1.r2.r0.r0.-f0.d0.-f0.-d0.d1.-f0.r2.r2
1000,-f0.-r0.-f0.r2.-d0.-r1.-f0.-f0.-d1.d2.-r2.-d0.-r2.f1.-r1.-f2.-r0.-d1.-f0.r0.-f1.-f2
1001,d1.f1.-d2.r2.-d1.-r1.-f0.d2.f1.d2.-r1.d1.f0.-f2.d2.r2.-d2.-r2.-f1.-d2.-r0.-d1.f0
1002,r2.d0.f2.-r0.f2.-d1.f2.r2.f1.f0.r2.f2.d2.-r0.d0.-d1.-r2.d1.-f2.-d1.d0.-r1
